Date,Match,Result,Score,Competition
20 Sep 1914,Argentina v Brazil,L,3-0,International Friendly
27 Sep 1914,Argentina v Brazil,W,0-1,Copa Julio Roca
08 Jul 1916,Chile v Brazil,D,1-1,Copa America
10 Jul 1916,Argentina v Brazil,D,1-1,Copa America
12 Jul 1916,Uruguay v Brazil,L,2-1,Copa America
18 Jul 1916,Uruguay v Brazil,W,0-1,International Friendly
27 Sep 1916,Argentina v Brazil,W,0-1,Copa Julio Roca
03 Oct 1917,Argentina v Brazil,L,4-2,Copa America
07 Oct 1917,Uruguay v Brazil,L,4-0,Copa America
12 Oct 1917,Brazil v Chile,W,5-0,Copa America
16 Oct 1917,Uruguay v Brazil,L,3-1,Benefit
11 May 1919,Brazil v Chile,W,6-0,Copa America
18 May 1919,Brazil v Argentina,W,3-1,Copa America
25 May 1919,Brazil v Uruguay,D,2-2,Copa America
29 May 1919,Brazil v Uruguay,W,1-0,Copa America
01 Jun 1919,Brazil v Argentina,D,3-3,Copa Roberto Cherry
11 Sep 1920,Chile v Brazil,W,0-1,Copa America
18 Sep 1920,Uruguay v Brazil,L,6-0,Copa America
25 Sep 1920,Brazil v Argentina,L,0-2,Copa America
12 Oct 1920,Argentina v Brazil,L,3-1,International Friendly
02 Oct 1921,Argentina v Brazil,L,1-0,Copa America
12 Oct 1921,Paraguay v Brazil,W,0-3,Copa America
23 Oct 1921,Uruguay v Brazil,L,2-1,Copa America
17 Sep 1922,Brazil v Chile,D,1-1,Copa America
24 Sep 1922,Brazil v Paraguay,D,1-1,Copa America
01 Oct 1922,Brazil v Uruguay,D,0-0,Copa America
15 Oct 1922,Brazil v Argentina,W,2-0,Copa America
22 Oct 1922,Brazil v Argentina,W,2-1,Copa Julio Roca
22 Oct 1922,Brazil v Paraguay,W,3-1,Copa America
29 Oct 1922,Brazil v Paraguay,W,3-1,Copa Rodrigues Alvez
11 Nov 1923,Paraguay v Brazil,L,1-0,Copa America
18 Nov 1923,Argentina v Brazil,L,2-1,Copa America
22 Nov 1923,Paraguay v Brazil,W,0-2,Copa Rodriquez
25 Nov 1923,Uruguay v Brazil,L,2-1,Copa America
02 Dec 1923,Argentina v Brazil,W,0-2,Copa Confraternidad
09 Dec 1923,Argentina v Brazil,L,2-0,Copa Julio Roca
06 Dec 1925,Brazil v Paraguay,W,5-2,Copa America
13 Dec 1925,Argentina v Brazil,L,4-1,Copa America
17 Dec 1925,Brazil v Paraguay,W,3-1,Copa America
25 Dec 1925,Argentina v Brazil,D,2-2,Copa America
14 Jul 1930,Brazil v Yugoslavia,L,1-2,FIFA World Cup
20 Jul 1930,Brazil v Bolivia,W,4-0,FIFA World Cup
10 Aug 1930,Brazil v Yugoslavia,W,4-1,Alvaro Chaves Unofficial Friendly
17 Aug 1930,Brazil v USA,W,4-3,International Friendly
06 Sep 1931,Brazil v Uruguay,W,2-0,Copa Rio Branco
04 Dec 1932,Uruguay v Brazil,W,1-2,Copa Rio Branco
27 May 1934,Spain v Brazil,L,3-1,FIFA World Cup
03 Jun 1934,Yugoslavia v Brazil,L,8-4,International Friendly
27 Dec 1936,Brazil v Peru,W,3-2,Copa America
03 Jan 1937,Brazil v Chile,W,6-4,Copa America
13 Jan 1937,Brazil v Paraguay,W,5-0,Copa America
19 Jan 1937,Brazil v Uruguay,W,3-2,Copa America
30 Jan 1937,Argentina v Brazil,L,1-0,Copa America
01 Feb 1937,Argentina v Brazil,L,2-0,Copa America
05 Jun 1938,Poland v Brazil,W,5-6,FIFA World Cup
12 Jun 1938,Czechoslovakia v Brazil,D,1-1,FIFA World Cup
14 Jun 1938,Czechoslovakia v Brazil,W,1-2,FIFA World Cup
16 Jun 1938,Italy v Brazil,L,2-1,FIFA World Cup
19 Jun 1938,Sweden v Brazil,W,2-4,FIFA World Cup
15 Jan 1939,Brazil v Argentina,L,1-5,Copa Julio Roca
22 Jan 1939,Brazil v Argentina,W,3-2,Copa Julio Roca
18 Feb 1940,Brazil v Argentina,D,2-2,Copa Julio Roca
25 Feb 1940,Brazil v Argentina,L,0-3,Copa Julio Roca
05 Mar 1940,Argentina v Brazil,L,6-1,Copa Julio Roca
10 Mar 1940,Argentina v Brazil,W,2-3,Copa Julio Roca
17 Mar 1940,Argentina v Brazil,L,5-1,Copa Julio Roca
24 Mar 1940,Brazil v Uruguay,L,3-4,Copa Rio Branco
31 Mar 1940,Brazil v Uruguay,D,1-1,Copa Rio Branco
14 Jan 1942,Brazil v Chile,W,6-1,Copa America
17 Jan 1942,Argentina v Brazil,L,2-1,Copa America
21 Jan 1942,Brazil v Peru,W,2-1,Copa America
24 Jan 1942,Uruguay v Brazil,L,1-0,Copa America
31 Jan 1942,Brazil v Ecuador,W,5-1,Copa America
05 Feb 1942,Brazil v Paraguay,D,1-1,Copa America
14 May 1944,Brazil v Uruguay,W,6-1,International Friendly
17 May 1944,Brazil v Uruguay,W,4-0,International Friendly
21 Jan 1945,Brazil v Colombia,W,3-0,Copa America
28 Jan 1945,Brazil v Bolivia,W,2-0,Copa America
07 Feb 1945,Brazil v Uruguay,W,3-0,Copa America
15 Feb 1945,Argentina v Brazil,L,3-1,Copa America
21 Feb 1945,Brazil v Ecuador,W,9-2,Copa America
28 Feb 1945,Chile v Brazil,W,0-1,Copa America
16 Dec 1945,Brazil v Argentina,L,3-4,Copa Julio Roca
20 Dec 1945,Brazil v Argentina,W,6-2,Copa Julio Roca
23 Dec 1945,Brazil v Argentina,W,3-1,Copa Julio Roca
05 Jan 1946,Uruguay v Brazil,L,4-3,Copa Rio Branco
09 Jan 1946,Uruguay v Brazil,D,1-1,Copa Rio Branco
16 Jan 1946,Brazil v Bolivia,W,3-0,Copa America
23 Jan 1946,Brazil v Uruguay,W,4-3,Copa America
29 Jan 1946,Brazil v Paraguay,D,1-1,Copa America
03 Feb 1946,Brazil v Chile,W,5-1,Copa America
10 Feb 1946,Argentina v Brazil,L,2-0,Copa America
29 Mar 1947,Uruguay v Brazil,D,0-0,Copa Rio Branco
01 Apr 1947,Brazil v Uruguay,W,3-2,Copa Rio Branco
04 Apr 1947,Uruguay v Brazil,D,1-1,Copa Rio Branco
11 Apr 1948,Uruguay v Brazil,L,4-2,Copa Rio Branco
03 Apr 1949,Brazil v Ecuador,W,9-1,Copa America
10 Apr 1949,Brazil v Bolivia,W,10-1,Copa America
13 Apr 1949,Brazil v Chile,W,2-1,Copa America
17 Apr 1949,Brazil v Colombia,W,5-0,Copa America
24 Apr 1949,Brazil v Peru,W,7-1,Copa America
30 Apr 1949,Brazil v Uruguay,W,5-1,Copa America
08 May 1949,Brazil v Paraguay,L,1-2,Copa America
11 May 1949,Brazil v Paraguay,W,7-0,Copa America
06 May 1950,Brazil v Uruguay,L,3-4,Copa Rio Branco
07 May 1950,Brazil v Paraguay,W,2-0,Copa Oswaldo Cruz
13 May 1950,Brazil v Paraguay,D,3-3,Copa Oswaldo Cruz
14 May 1950,Brazil v Uruguay,W,3-2,Copa Rio Branco
17 May 1950,Brazil v Uruguay,W,1-0,Copa Rio Branco
24 Jun 1950,Brazil v Mexico,W,4-0,FIFA World Cup
28 Jun 1950,Brazil v Switzerland,D,2-2,FIFA World Cup
01 Jul 1950,Brazil v Yugoslavia,W,2-0,FIFA World Cup
09 Jul 1950,Brazil v Sweden,W,7-1,FIFA World Cup
13 Jul 1950,Brazil v Spain,W,6-1,FIFA World Cup
16 Jul 1950,Uruguay v Brazil,L,2-1,FIFA World Cup
06 Apr 1952,Brazil v Mexico,W,2-0,Panamerican Championship
10 Apr 1952,Peru v Brazil,D,0-0,Panamerican Championship
13 Apr 1952,Brazil v Panama,W,5-0,Panamerican Championship
16 Apr 1952,Brazil v Uruguay,W,4-2,Panamerican Championship
20 Apr 1952,Chile v Brazil,W,0-3,Panamerican Championship
01 Mar 1953,Brazil v Bolivia,W,8-1,Copa America
12 Mar 1953,Brazil v Ecuador,W,2-0,Copa America
15 Mar 1953,Uruguay v Brazil,W,0-1,Copa America
19 Mar 1953,Peru v Brazil,L,1-0,Copa America
23 Mar 1953,Brazil v Chile,W,3-2,Copa America
27 Mar 1953,Paraguay v Brazil,L,2-1,Copa America
01 Apr 1953,Paraguay v Brazil,L,3-2,Copa America
28 Feb 1954,Chile v Brazil,W,0-2,FIFA World Cup
07 Mar 1954,Paraguay v Brazil,W,0-1,FIFA World Cup
14 Mar 1954,Brazil v Chile,W,1-0,FIFA World Cup
21 Mar 1954,Brazil v Paraguay,W,4-1,FIFA World Cup
16 Jun 1954,Brazil v Mexico,W,5-0,FIFA World Cup
19 Jun 1954,Brazil v Yugoslavia,D,1-1,FIFA World Cup
27 Jun 1954,Hungary v Brazil,L,4-2,FIFA World Cup
18 Sep 1955,Brazil v Chile,D,1-1,Torneo Bernardo O Higgins
20 Sep 1955,Brazil v Chile,W,2-1,Torneo Bernardo O Higgins
13 Nov 1955,Brazil v Paraguay,W,3-0,Copa Oswaldo Cruz
18 Nov 1955,Brazil v Paraguay,D,3-3,Copa Oswaldo Cruz
24 Jan 1956,Brazil v Chile,L,1-4,Copa America
29 Jan 1956,Paraguay v Brazil,D,0-0,Copa America
01 Feb 1956,Brazil v Peru,W,2-1,Copa America
05 Feb 1956,Brazil v Argentina,W,1-0,Copa America
10 Feb 1956,Uruguay v Brazil,D,0-0,Copa America
01 Mar 1956,Brazil v Chile,W,2-1,Panamerican Championship
06 Mar 1956,Brazil v Peru,W,1-0,Panamerican Championship
08 Mar 1956,Mexico v Brazil,W,1-2,Panamerican Championship
13 Mar 1956,Brazil v Costa Rica,W,7-1,Panamerican Championship
18 Mar 1956,Brazil v Argentina,D,2-2,Panamerican Championship
08 Apr 1956,Portugal v Brazil,W,0-1,International Friendly
11 Apr 1956,Switzerland v Brazil,D,1-1,International Friendly
15 Apr 1956,Austria v Brazil,W,2-3,International Friendly
21 Apr 1956,Czechoslovakia v Brazil,D,0-0,International Friendly
25 Apr 1956,Italy v Brazil,L,3-0,International Friendly
01 May 1956,Turkey v Brazil,W,0-1,International Friendly
09 May 1956,England v Brazil,L,4-2,International Friendly
12 Jun 1956,Paraguay v Brazil,W,0-2,Oswaldo Cruz
17 Jun 1956,Paraguay v Brazil,W,2-5,Oswaldo Cruz
24 Jun 1956,Brazil v Uruguay,W,2-0,Copa del Atlantico
01 Jul 1956,Brazil v Italy,W,2-0,International Friendly
08 Jul 1956,Argentina v Brazil,D,0-0,Copa del Atlantico
05 Aug 1956,Brazil v Czechoslovakia,L,0-1,International Friendly
08 Aug 1956,Brazil v Czechoslovakia,W,4-1,International Friendly
05 Dec 1956,Brazil v Argentina,L,1-2,International Friendly
13 Mar 1957,Brazil v Chile,W,4-2,Copa America
21 Mar 1957,Brazil v Ecuador,W,7-1,Copa America
24 Mar 1957,Brazil v Colombia,W,9-0,Copa America
28 Mar 1957,Uruguay v Brazil,L,3-2,Copa America
31 Mar 1957,Peru v Brazil,W,0-1,Copa America
03 Apr 1957,Argentina v Brazil,L,3-0,Copa America
13 Apr 1957,Peru v Brazil,D,1-1,FIFA World Cup
21 Apr 1957,Brazil v Peru,W,1-0,FIFA World Cup
11 Jun 1957,Brazil v Portugal,W,2-1,International Friendly
16 Jun 1957,Brazil v Portugal,W,3-0,International Friendly
07 Jul 1957,Brazil v Argentina,L,1-2,Copa Julio Roca
10 Jul 1957,Brazil v Argentina,W,2-0,Copa Julio Roca
15 Sep 1957,Chile v Brazil,L,1-0,Copa Bernardo O`Higgins
18 Sep 1957,Chile v Brazil,D,1-1,Copa Bernardo O`Higgins
04 May 1958,Brazil v Paraguay,W,5-1,Oswaldo Cruz
07 May 1958,Brazil v Paraguay,D,0-0,Oswaldo Cruz
14 May 1958,Brazil v Bulgaria,W,4-0,International Friendly
18 May 1958,Brazil v Bulgaria,W,3-1,International Friendly
08 Jun 1958,Brazil v Austria,W,3-0,FIFA World Cup
11 Jun 1958,Brazil v England,D,0-0,FIFA World Cup
15 Jun 1958,Brazil v USSR,W,2-0,FIFA World Cup
19 Jun 1958,Brazil v Wales,W,1-0,FIFA World Cup
24 Jun 1958,Brazil v France,W,5-2,FIFA World Cup
29 Jun 1958,Sweden v Brazil,W,2-5,FIFA World Cup
10 Mar 1959,Brazil v Peru,D,2-2,Copa America
15 Mar 1959,Brazil v Chile,W,3-0,Copa America
21 Mar 1959,Brazil v Bolivia,W,4-2,Copa America
26 Mar 1959,Brazil v Uruguay,W,3-1,Copa America
29 Mar 1959,Brazil v Paraguay,W,4-1,Copa America
04 Apr 1959,Argentina v Brazil,D,1-1,Copa America
13 May 1959,Brazil v England,W,2-0,International Friendly
27 Aug 1959,Venezuela v Brazil,L,5-3,*
17 Sep 1959,Brazil v Chile,W,7-0,Copa Bernardo O`Higgins
20 Sep 1959,Brazil v Chile,W,1-0,Copa Bernardo O`Higgins
05 Dec 1959,Brazil v Paraguay,W,3-2,Copa America
12 Dec 1959,Uruguay v Brazil,L,3-0,Copa America
19 Dec 1959,Ecuador v Brazil,W,1-3,Copa America
22 Dec 1959,Argentina v Brazil,L,4-1,Copa America
27 Dec 1959,Ecuador v Brazil,W,1-2,International Friendly
06 Mar 1960,Mexico v Brazil,D,2-2,Panamerican Championship
10 Mar 1960,Costa Rica v Brazil,L,3-0,Panamerican Championship
13 Mar 1960,Argentina v Brazil,L,2-1,Panamerican Championship
15 Mar 1960,Brazil v Mexico,W,2-1,Panamerican Championship
17 Mar 1960,Costa Rica v Brazil,W,0-4,Panamerican Championship
20 Mar 1960,Brazil v Argentina,W,1-0,Panamerican Championship
29 Apr 1960,Egypt v Brazil,W,0-5,International Friendly
01 May 1960,Egypt v Brazil,W,1-3,International Friendly
06 May 1960,Egypt v Brazil,W,0-3,International Friendly
10 May 1960,Staevnet v Brazil,W,3-4,U v A
25 May 1960,Argentina v Brazil,L,4-2,Copa Julio Roca
29 May 1960,Argentina v Brazil,W,1-4,Copa Julio Roca
29 Jun 1960,Brazil v Chile,W,4-0,International Friendly
03 Jul 1960,Paraguay v Brazil,W,1-2,Copa del Atlantico
09 Jul 1960,Uruguay v Brazil,L,1-0,Copa del Atlantico
12 Jul 1960,Brazil v Argentina,W,5-1,Copa del Atlantico
30 Apr 1961,Paraguay v Brazil,W,0-2,Oswaldo Cruz
03 May 1961,Paraguay v Brazil,W,2-3,Oswaldo Cruz
07 May 1961,Chile v Brazil,W,1-2,Copa Bernardo O`Higgins
11 May 1961,Chile v Brazil,W,0-1,Copa Bernardo O`Higgins
29 Jun 1961,Brazil v Paraguay,W,3-2,International Friendly
29 Jan 1962,Brazil v Paraguay,W,3-2,SA NOVOS
03 Feb 1962,Brazil v Argentina,D,0-0,SA NOVOS
05 Feb 1962,Peru v Brazil,W,1-3,SA NOVOS
21 Apr 1962,Brazil v Paraguay,W,6-0,Oswaldo Cruz
24 Apr 1962,Brazil v Paraguay,W,4-0,Oswaldo Cruz
06 May 1962,Brazil v Portugal,W,2-1,International Friendly
09 May 1962,Brazil v Portugal,W,1-0,International Friendly
12 May 1962,Brazil v Wales,W,3-1,International Friendly
16 May 1962,Brazil v Wales,W,3-1,International Friendly
30 May 1962,Brazil v Mexico,W,2-0,FIFA World Cup
02 Jun 1962,Brazil v Czechoslovakia,D,0-0,FIFA World Cup
06 Jun 1962,Brazil v Spain,W,2-1,FIFA World Cup
10 Jun 1962,Brazil v England,W,3-1,FIFA World Cup
13 Jun 1962,Chile v Brazil,W,2-4,FIFA World Cup
17 Jun 1962,Brazil v Czechoslovakia,W,3-1,FIFA World Cup
03 Mar 1963,Paraguay v Brazil,D,2-2,Oswaldo Cruz
10 Mar 1963,Brazil v Peru,W,1-0,Copa America
14 Mar 1963,Brazil v Colombia,W,5-1,Copa America
17 Mar 1963,Paraguay v Brazil,L,2-0,Copa America
24 Mar 1963,Argentina v Brazil,L,3-0,Copa America
27 Mar 1963,Brazil v Ecuador,D,2-2,Copa America
31 Mar 1963,Bolivia v Brazil,L,5-4,Copa America
13 Apr 1963,Brazil v Argentina,L,2-3,Copa Julio Roca
16 Apr 1963,Brazil v Argentina,W,5-2,Copa Julio Roca
21 Apr 1963,Portugal v Brazil,L,1-0,International Friendly
24 Apr 1963,Belgium v Brazil,L,5-1,International Friendly
28 Apr 1963,France v Brazil,W,2-3,International Friendly
02 May 1963,Netherlands v Brazil,L,1-0,International Friendly
05 May 1963,West Germany v Brazil,W,1-2,International Friendly
08 May 1963,England v Brazil,D,1-1,International Friendly
12 May 1963,Italy v Brazil,L,3-0,International Friendly
17 May 1963,Egypt v Brazil,W,0-1,International Friendly
19 May 1963,Israel v Brazil,W,0-5,International Friendly
30 May 1964,Brazil v England,W,5-1,Copa das Nacoes
03 Jun 1964,Brazil v Argentina,L,0-3,Copa das Nacoes
07 Jun 1964,Brazil v Portugal,W,4-1,Copa das Nacoes
07 Sep 1964,Brazil v Argentina,W,3-0,International Friendly
02 Jun 1965,Brazil v Belgium,W,5-0,International Friendly
06 Jun 1965,Brazil v West Germany,W,2-0,International Friendly
09 Jun 1965,Brazil v Argentina,D,0-0,International Friendly
17 Jun 1965,Algeria v Brazil,W,0-3,International Friendly
24 Jun 1965,Portugal v Brazil,D,0-0,International Friendly
30 Jun 1965,Sweden v Brazil,W,1-2,International Friendly
04 Jul 1965,USSR v Brazil,W,0-3,International Friendly
07 Sep 1965,Brazil v Uruguay,W,3-0,International Friendly
21 Nov 1965,Brazil v USSR,D,2-2,International Friendly
21 Nov 1965,Brazil v Hungary,W,5-3,*
17 Apr 1966,Chile v Brazil,W,0-1,Copa Bernardo O`Higgins
20 Apr 1966,Chile v Brazil,L,2-1,Copa Bernardo O`Higgins
14 May 1966,Brazil v Wales,W,3-1,International Friendly
15 May 1966,Brazil v Chile,D,1-1,Copa Bernardo O`Higgins
19 May 1966,Brazil v Chile,W,1-0,Copa Bernardo O`Higgins
04 Jun 1966,Brazil v Peru,W,4-0,International Friendly
08 Jun 1966,Brazil v Peru,W,3-1,International Friendly
08 Jun 1966,Brazil v Poland,W,2-1,International Friendly
12 Jun 1966,Brazil v Czechoslovakia,W,2-1,International Friendly
15 Jun 1966,Brazil v Czechoslovakia,D,2-2,International Friendly
25 Jun 1966,Scotland v Brazil,D,1-1,International Friendly
12 Jul 1966,Brazil v Bulgaria,W,2-0,FIFA World Cup
15 Jul 1966,Brazil v Hungary,L,1-3,FIFA World Cup
19 Jul 1966,Brazil v Portugal,L,1-3,FIFA World Cup
30 Jun 1966,Sweden v Brazil,W,2-3,International Friendly
25 Jun 1967,Uruguay v Brazil,D,0-0,Copa Rio Branco
28 Jun 1967,Uruguay v Brazil,D,2-2,Copa Rio Branco
01 Jul 1967,Uruguay v Brazil,D,1-1,Copa Rio Branco
19 Sep 1967,Chile v Brazil,W,0-1,International Friendly
09 Jun 1968,Brazil v Uruguay,W,2-0,Copa Rio Branco
12 Jun 1968,Brazil v Uruguay,W,4-0,Copa Rio Branco
16 Jun 1968,Germany v Brazil,L,2-1,International Friendly
20 Jun 1968,Poland v Brazil,W,3-6,International Friendly
23 Jun 1968,Czechoslovakia v Brazil,L,3-2,International Friendly
25 Jun 1968,Yugoslavia v Brazil,W,0-2,International Friendly
30 Jun 1968,Portugal v Brazil,W,0-2,International Friendly
07 Jul 1968,Mexico v Brazil,W,0-2,OT XI v A
10 Jul 1968,Mexico v Brazil,L,2-1,International Friendly
14 Jul 1968,Peru v Brazil,W,3-4,International Friendly
17 Jul 1968,Peru v Brazil,W,0-4,International Friendly
25 Jul 1968,Paraguay v Brazil,W,0-4,Copa Oswaldo Cruz
28 Jul 1968,Paraguay v Brazil,L,1-0,Copa Oswaldo Cruz
07 Aug 1968,Brazil v Argentina,W,4-1,International Friendly
11 Aug 1968,Brazil v Argentina,W,3-2,International Friendly
31 Oct 1968,Brazil v Mexico,L,1-2,International Friendly
03 Nov 1968,Brazil v Mexico,W,2-1,International Friendly
06 Nov 1968,Brazil v Rest of the World,W,2-1,10th Anniversary Brazil
14 Dec 1968,Brazil v West Germany,D,2-2,International Friendly
17 Dec 1968,Brazil v Yugoslavia,D,3-3,International Friendly
07 Apr 1969,Brazil v Peru,W,2-1,International Friendly
09 Apr 1969,Brazil v Peru,W,3-2,International Friendly
12 Jun 1969,Brazil v England,W,2-1,International Friendly
06 Aug 1969,Colombia v Brazil,W,0-2,FIFA World Cup
10 Aug 1969,Venezuela v Brazil,W,0-5,FIFA World Cup
17 Aug 1969,Paraguay v Brazil,W,0-3,FIFA World Cup
21 Aug 1969,Brazil v Colombia,W,6-2,FIFA World Cup
24 Aug 1969,Brazil v Venezuela,W,6-0,FIFA World Cup
31 Aug 1969,Brazil v Paraguay,W,1-0,FIFA World Cup
04 Mar 1970,Brazil v Argentina,L,0-2,International Friendly
08 Mar 1970,Brazil v Argentina,W,2-1,International Friendly
22 Mar 1970,Brazil v Chile,W,5-0,International Friendly
26 Mar 1970,Brazil v Chile,W,2-1,International Friendly
12 Apr 1970,Brazil v Paraguay,D,0-0,International Friendly
26 Apr 1970,Brazil v Bulgaria,D,0-0,A v B
29 Apr 1970,Brazil v Austria,W,1-0,International Friendly
03 Jun 1970,Czechoslovakia v Brazil,W,1-4,FIFA World Cup
07 Jun 1970,England v Brazil,W,0-1,FIFA World Cup
10 Jun 1970,Brazil v Romania,W,3-2,FIFA World Cup
14 Jun 1970,Brazil v Peru,W,4-2,FIFA World Cup
17 Jun 1970,Uruguay v Brazil,W,1-3,FIFA World Cup
21 Jun 1970,Brazil v Italy,W,4-1,FIFA World Cup
30 Sep 1970,Brazil v Mexico,W,2-1,International Friendly
04 Oct 1970,Chile v Brazil,W,1-5,International Friendly
11 Jul 1971,Brazil v Austria,D,1-1,International Friendly
14 Jul 1971,Brazil v Czechoslovakia,W,1-0,International Friendly
18 Jul 1971,Brazil v Yugoslavia,D,2-2,International Friendly
21 Jul 1971,Brazil v Hungary,D,0-0,International Friendly
24 Jul 1971,Brazil v Paraguay,W,1-0,International Friendly
28 Jul 1971,Argentina v Brazil,D,1-1,Copa Julio Roca
31 Jul 1971,Argentina v Brazil,D,2-2,Copa Julio Roca
26 Apr 1972,Brazil v Paraguay,W,3-2,International Friendly
28 Jun 1972,Brazil v Czechoslovakia,D,0-0,Independence
02 Jul 1972,Brazil v Yugoslavia,W,3-0,Independence
05 Jul 1972,Brazil v Scotland,W,1-0,Independence
09 Jul 1972,Brazil v Portugal,W,1-0,Independence
27 May 1973,Brazil v Bolivia,W,5-0,International Friendly
03 Jun 1973,Algeria v Brazil,W,0-2,International Friendly
06 Jun 1973,Tunisia v Brazil,W,1-4,International Friendly
09 Jun 1973,Italy v Brazil,L,2-0,International Friendly
13 Jun 1973,Austria v Brazil,D,1-1,International Friendly
16 Jun 1973,West Germany v Brazil,W,0-1,International Friendly
21 Jun 1973,USSR v Brazil,W,0-1,International Friendly
25 Jun 1973,Sweden v Brazil,L,1-0,International Friendly
30 Jun 1973,Scotland v Brazil,W,0-1,International Friendly
03 Jul 1973,All Ireland v Brazil,W,3-4,All Ireland Match
31 Mar 1974,Brazil v Mexico,D,1-1,International Friendly
07 Apr 1974,Brazil v Czechoslovakia,W,1-0,International Friendly
14 Apr 1974,Brazil v Bulgaria,W,1-0,International Friendly
17 Apr 1974,Brazil v Romania,W,2-0,International Friendly
21 Apr 1974,Brazil v Haiti,W,4-0,International Friendly
28 Apr 1974,Brazil v Greece,D,0-0,International Friendly
01 May 1974,Brazil v Austria,D,0-0,International Friendly
05 May 1974,Brazil v Republic of Ireland,W,2-1,International Friendly
12 May 1974,Brazil v Paraguay,W,2-0,International Friendly
13 Jun 1974,Brazil v Yugoslavia,D,0-0,FIFA World Cup
18 Jun 1974,Brazil v Scotland,D,0-0,FIFA World Cup
22 Jun 1974,Brazil v Zaire,W,3-0,FIFA World Cup
26 Jun 1974,Brazil v German Democratic Republic,W,1-0,FIFA World Cup
30 Jun 1974,Argentina v Brazil,W,1-2,FIFA World Cup
03 Jul 1974,Brazil v Netherlands,L,0-2,FIFA World Cup
06 Jul 1974,Brazil v Poland,L,0-1,FIFA World Cup
30 Jul 1975,Venezuela v Brazil,W,0-4,Copa America
06 Aug 1975,Brazil v Argentina,W,2-1,Copa America
13 Aug 1975,Brazil v Venezuela,W,6-0,Copa America
16 Aug 1975,Argentina v Brazil,W,0-1,Copa America
30 Sep 1975,Brazil v Peru,L,1-3,Copa America
04 Oct 1975,Peru v Brazil,W,0-2,Copa America
25 Feb 1976,Uruguay v Brazil,W,1-2,Copa del Atlantico
27 Feb 1976,Argentina v Brazil,W,1-2,Copa del Atlantico
07 Apr 1976,Paraguay v Brazil,D,1-1,Copa del Atlantico
28 Apr 1976,Brazil v Uruguay,W,2-1,Copa del Atlantico
19 May 1976,Brazil v Argentina,W,2-0,Copa del Atlantico
23 May 1976,Brazil v England,W,1-0,Bi-Centenary
31 May 1976,Brazil v Italy,W,4-1,Bi-Centenary
04 Jun 1976,Mexico v Brazil,W,0-3,International Friendly
09 Jun 1976,Brazil v Paraguay,W,3-1,Oswaldo Cruz
13 Sep 1976,Panama v Brazil,W,0-2,International Friendly
01 Dec 1976,Brazil v USSR,W,2-0,International Friendly
23 Jan 1977,Brazil v Bulgaria,W,1-0,International Friendly
20 Feb 1977,Colombia v Brazil,D,0-0,FIFA World Cup
09 Mar 1977,Brazil v Colombia,W,6-0,FIFA World Cup
13 Mar 1977,Paraguay v Brazil,W,0-1,FIFA World Cup
20 Mar 1977,Brazil v Paraguay,D,1-1,FIFA World Cup
08 Jun 1977,Brazil v England,D,0-0,International Friendly
12 Jun 1977,Brazil v West Germany,D,1-1,International Friendly
19 Jun 1977,Brazil v Poland,W,3-1,International Friendly
23 Jun 1977,Brazil v Scotland,W,2-0,International Friendly
26 Jun 1977,Brazil v Yugoslavia,D,0-0,International Friendly
30 Jun 1977,Brazil v France,D,2-2,International Friendly
10 Jul 1977,Brazil v Peru,W,1-0,FIFA World Cup
14 Jul 1977,Brazil v Bolivia,W,8-0,FIFA World Cup
01 Apr 1978,France v Brazil,L,1-0,International Friendly
05 Apr 1978,West Germany v Brazil,W,0-1,International Friendly
19 Apr 1978,England v Brazil,D,1-1,International Friendly
01 May 1978,Brazil v Peru,W,3-0,International Friendly
17 May 1978,Brazil v Czechoslovakia,W,2-0,International Friendly
03 Jun 1978,Brazil v Sweden,D,1-1,FIFA World Cup
07 Jun 1978,Brazil v Spain,D,0-0,FIFA World Cup
11 Jun 1978,Austria v Brazil,W,0-1,FIFA World Cup
14 Jun 1978,Brazil v Peru,W,3-0,FIFA World Cup
18 Jun 1978,Argentina v Brazil,D,0-0,FIFA World Cup
21 Jun 1978,Brazil v Poland,W,3-1,FIFA World Cup
24 Jun 1978,Brazil v Italy,W,2-1,FIFA World Cup
18 Mar 1979,Qatar v Brazil,W,1-6,International Friendly
17 May 1979,Brazil v Paraguay,W,6-0,International Friendly
31 May 1979,Brazil v Uruguay,W,5-1,International Friendly
26 Jul 1979,Bolivia v Brazil,L,2-1,Copa America
02 Aug 1979,Brazil v Argentina,W,2-1,Copa America
16 Aug 1979,Brazil v Bolivia,W,2-0,Copa America
23 Aug 1979,Argentina v Brazil,D,2-2,Copa America
24 Oct 1979,Paraguay v Brazil,L,2-1,Copa America
31 Oct 1979,Brazil v Paraguay,D,2-2,Copa America
07 Nov 1979,United Arab Emirates v Brazil,W,1-2,International Friendly
09 Nov 1979,Bahrain v Brazil,W,0-2,International Friendly
08 Jun 1980,Brazil v Mexico,W,2-0,International Friendly
15 Jun 1980,Brazil v USSR,L,1-2,International Friendly
24 Jun 1980,Brazil v Chile,W,2-1,International Friendly
29 Jun 1980,Brazil v Poland,D,1-1,International Friendly
27 Aug 1980,Brazil v Uruguay,W,1-0,International Friendly
25 Sep 1980,Paraguay v Brazil,W,1-2,International Friendly
30 Oct 1980,Brazil v Paraguay,W,6-0,International Friendly
21 Dec 1980,Brazil v Switzerland,W,2-0,International Friendly
04 Jan 1981,Argentina v Brazil,D,1-1,Gold Cup
07 Jan 1981,West Germany v Brazil,W,1-4,Gold Cup
10 Jan 1981,Uruguay v Brazil,L,2-1,Gold Cup
01 Feb 1981,Colombia v Brazil,D,1-1,International Friendly
08 Feb 1981,Venezuela v Brazil,W,0-1,FIFA World Cup
14 Feb 1981,Ecuador v Brazil,W,0-6,International Friendly
22 Feb 1981,Bolivia v Brazil,W,1-2,FIFA World Cup
14 Mar 1981,Brazil v Chile,W,2-1,International Friendly
22 Mar 1981,Brazil v Bolivia,W,3-1,FIFA World Cup
29 Mar 1981,Brazil v Venezuela,W,5-0,FIFA World Cup
12 May 1981,England v Brazil,W,0-1,International Friendly
15 May 1981,France v Brazil,W,1-3,International Friendly
19 May 1981,West Germany v Brazil,W,1-2,International Friendly
08 Jul 1981,Brazil v Spain,W,1-0,International Friendly
26 Aug 1981,Chile v Brazil,D,0-0,International Friendly
28 Oct 1981,Brazil v Bulgaria,W,3-0,International Friendly
26 Jan 1982,Brazil v East Germany,W,3-1,International Friendly
03 Mar 1982,Brazil v Czechoslovakia,D,1-1,International Friendly
21 Mar 1982,Brazil v West Germany,W,1-0,International Friendly
05 May 1982,Brazil v Portugal,W,3-1,International Friendly
19 May 1982,Brazil v Switzerland,D,1-1,International Friendly
27 May 1982,Brazil v Republic of Ireland,W,7-0,International Friendly
14 Jun 1982,Brazil v USSR,W,2-1,FIFA World Cup
18 Jun 1982,Brazil v Scotland,W,4-1,FIFA World Cup
23 Jun 1982,Brazil v New Zealand,W,4-0,FIFA World Cup
02 Jul 1982,Brazil v Argentina,W,3-1,FIFA World Cup
05 Jul 1982,Italy v Brazil,L,3-2,FIFA World Cup
28 Apr 1983,Brazil v Chile,W,3-2,International Friendly
08 Jun 1983,Portugal v Brazil,W,0-4,International Friendly
12 Jun 1983,Wales v Brazil,D,1-1,International Friendly
17 Jun 1983,Switzerland v Brazil,W,1-2,International Friendly
22 Jun 1983,Sweden v Brazil,D,3-3,Jubilee
28 Jul 1983,Chile v Brazil,D,0-0,International Friendly
17 Aug 1983,Ecuador v Brazil,W,0-1,Copa America
24 Aug 1983,Argentina v Brazil,L,1-0,Copa America
01 Sep 1983,Brazil v Ecuador,W,5-0,Copa America
14 Sep 1983,Brazil v Argentina,D,0-0,Copa America
13 Oct 1983,Paraguay v Brazil,D,1-1,Copa America
20 Oct 1983,Brazil v Paraguay,D,0-0,Copa America
27 Oct 1983,Uruguay v Brazil,L,2-0,Copa America
04 Nov 1983,Brazil v Uruguay,D,1-1,Copa America
10 Jun 1984,Brazil v England,L,0-2,International Friendly
17 Jun 1984,Brazil v Argentina,D,0-0,International Friendly
21 Jun 1984,Brazil v Uruguay,W,1-0,International Friendly
25 Apr 1985,Brazil v Colombia,W,2-1,International Friendly
28 Apr 1985,Brazil v Peru,L,0-1,International Friendly
02 May 1985,Brazil v Uruguay,W,2-0,International Friendly
05 May 1985,Brazil v Argentina,W,2-1,International Friendly
15 May 1985,Colombia v Brazil,L,1-0,International Friendly
21 May 1985,Chile v Brazil,L,2-1,International Friendly
02 Jun 1985,Bolivia v Brazil,W,0-2,FIFA World Cup
08 Jun 1985,Brazil v Chile,W,3-1,International Friendly
16 Jun 1985,Paraguay v Brazil,W,0-2,FIFA World Cup
23 Jun 1985,Brazil v Paraguay,D,1-1,FIFA World Cup
30 Jun 1985,Brazil v Bolivia,D,1-1,FIFA World Cup
12 Mar 1986,West Germany v Brazil,L,2-0,International Friendly
16 Mar 1986,Hungary v Brazil,L,3-0,International Friendly
01 Apr 1986,Brazil v Peru,W,4-0,International Friendly
08 Apr 1986,Brazil v East Germany,W,3-0,International Friendly
17 Apr 1986,Brazil v Finland,W,3-0,International Friendly
30 Apr 1986,Brazil v Yugoslavia,W,4-2,International Friendly
07 May 1986,Brazil v Chile,D,1-1,International Friendly
01 Jun 1986,Brazil v Spain,W,1-0,FIFA World Cup
06 Jun 1986,Brazil v Algeria,W,1-0,FIFA World Cup
12 Jun 1986,Brazil v Northern Ireland,W,3-0,FIFA World Cup
16 Jun 1986,Brazil v Poland,W,4-0,FIFA World Cup
21 Jun 1986,France v Brazil,L,1-1 (4-3),FIFA World Cup
19 May 1987,England v Brazil,D,1-1,Rous Cup
23 May 1987,Republic of Ireland v Brazil,L,1-0,International Friendly
26 May 1987,Scotland v Brazil,W,0-2,Rous Cup
01 Jun 1987,Israel v Brazil,W,0-4,International Friendly
21 Jun 1987,Brazil v Ecuador,W,4-1,International Friendly
24 Jun 1987,Brazil v Paraguay,W,1-0,International Friendly
28 Jun 1987,Brazil v Venezuela,W,5-0,Copa America
03 Jul 1987,Chile v Brazil,L,4-0,Copa America
09 Dec 1987,Brazil v Chile,W,2-1,International Friendly
12 Dec 1987,Brazil v West Germany,D,1-1,International Friendly
07 Jul 1988,Australia v Brazil,W,0-1,Bicentennial Gold Cup
10 Jul 1988,Argentina v Brazil,D,0-0,Bicentennial Gold Cup
13 Jul 1988,Brazil v Saudi Arabia,W,4-1,Bicentennial Gold Cup
17 Jul 1988,Australia v Brazil,W,0-2,Bicentennial Gold Cup
28 Jul 1988,Norway v Brazil,D,1-1,International Friendly
03 Aug 1988,Austria v Brazil,W,0-2,International Friendly
12 Oct 1988,Belgium v Brazil,W,1-2,International Friendly
15 Mar 1989,Brazil v Ecuador,W,1-0,International Friendly
12 Apr 1989,Brazil v Paraguay,W,2-0,International Friendly
10 May 1989,Brazil v Peru,W,4-1,International Friendly
24 May 1989,Peru v Brazil,D,1-1,International Friendly
16 Jun 1989,Sweden v Brazil,L,2-1,Tri Tournament
18 Jun 1989,Denmark v Brazil,L,4-0,Tri Tournament
21 Jun 1989,Switzerland v Brazil,L,1-0,International Friendly
01 Jul 1989,Brazil v Venezuela,W,3-1,Copa America
03 Jul 1989,Brazil v Peru,D,0-0,Copa America
07 Jul 1989,Brazil v Colombia,D,0-0,Copa America
09 Jul 1989,Brazil v Paraguay,W,2-0,Copa America
12 Jul 1989,Brazil v Argentina,W,2-0,Copa America
14 Jul 1989,Brazil v Paraguay,W,3-0,Copa America
16 Jul 1989,Brazil v Uruguay,W,1-0,Copa America
23 Jul 1989,Brazil v Japan,W,1-0,International Friendly
30 Jul 1989,Venezuela v Brazil,W,0-4,FIFA World Cup
13 Aug 1989,Chile v Brazil,D,1-1,FIFA World Cup
20 Aug 1989,Brazil v Venezuela,W,6-0,FIFA World Cup
03 Sep 1989,Brazil v Chile,W,1-0,FIFA World Cup
14 Oct 1989,Italy v Brazil,W,0-1,International Friendly
14 Nov 1989,Brazil v Yugoslavia,D,0-0,International Friendly
20 Dec 1989,Netherlands v Brazil,W,0-1,International Friendly
28 Mar 1990,England v Brazil,L,1-0,International Friendly
05 May 1990,Brazil v Bulgaria,W,2-1,International Friendly
13 May 1990,Brazil v East Germany,D,3-3,International Friendly
10 Jun 1990,Brazil v Sweden,W,2-1,FIFA World Cup
16 Jun 1990,Brazil v Costa Rica,W,1-0,FIFA World Cup
20 Jun 1990,Brazil v Scotland,W,1-0,FIFA World Cup
24 Jun 1990,Brazil v Argentina,L,0-1,FIFA World Cup
12 Sep 1990,Spain v Brazil,L,3-0,International Friendly
17 Oct 1990,Chile v Brazil,D,0-0,International Friendly
08 Nov 1990,Brazil v Chile,D,0-0,International Friendly
12 Dec 1990,Brazil v Mexico,D,0-0,International Friendly
27 Feb 1991,Brazil v Paraguay,D,1-1,International Friendly
27 Mar 1991,Argentina v Brazil,D,3-3,International Friendly
28 May 1991,Brazil v Bulgaria,W,3-0,International Friendly
27 Jun 1991,Brazil v Argentina,D,1-1,International Friendly
09 Jul 1991,Brazil v Bolivia,W,2-1,Copa America
11 Jul 1991,Brazil v Uruguay,D,1-1,Copa America
13 Jul 1991,Brazil v Colombia,L,0-2,Copa America
15 Jul 1991,Brazil v Ecuador,W,3-2,Copa America
17 Jul 1991,Brazil v Argentina,L,2-3,Copa America
19 Jul 1991,Brazil v Colombia,W,2-0,Copa America
21 Jul 1991,Chile v Brazil,W,0-2,Copa America
11 Sep 1991,Wales v Brazil,L,1-0,International Friendly
30 Oct 1991,Brazil v Yugoslavia,W,3-1,International Friendly
18 Dec 1991,Brazil v Czechoslovakia,W,2-1,International Friendly
26 Feb 1992,Brazil v USA,W,3-0,International Friendly
15 Apr 1992,Brazil v Finland,W,3-1,International Friendly
30 Apr 1992,Uruguay v Brazil,L,1-0,International Friendly
17 May 1992,England v Brazil,D,1-1,International Friendly
31 Jul 1992,Mexico v Brazil,W,0-5,Friendship Cup
02 Aug 1992,USA v Brazil,W,0-1,Friendship Cup
26 Aug 1992,France v Brazil,W,0-2,International Friendly
23 Sep 1992,Brazil v Costa Rica,W,4-2,International Friendly
26 Nov 1992,Brazil v Uruguay,L,1-2,International Friendly
16 Dec 1992,Brazil v Germany,W,3-1,International Friendly
18 Feb 1993,Argentina v Brazil,D,1-1,International Friendly
17 Mar 1993,Brazil v Poland,D,2-2,International Friendly
06 Jun 1993,USA v Brazil,W,0-2,US Cup
10 Jun 1993,Brazil v Germany,D,3-3,US Cup
13 Jun 1993,England v Brazil,D,1-1,US Cup
18 Jun 1993,Brazil v Peru,D,0-0,Copa America
21 Jun 1993,Brazil v Chile,L,2-3,Copa America
24 Jun 1993,Brazil v Paraguay,W,3-0,Copa America
27 Jun 1993,Brazil v Argentina,L,1-1 (5-6),Copa America
14 Jul 1993,Brazil v Paraguay,W,2-0,International Friendly
18 Jul 1993,Ecuador v Brazil,D,0-0,FIFA World Cup
25 Jul 1993,Bolivia v Brazil,L,2-0,FIFA World Cup
01 Aug 1993,Venezuela v Brazil,W,1-5,FIFA World Cup
08 Aug 1993,Brazil v Mexico,D,1-1,International Friendly
15 Aug 1993,Uruguay v Brazil,D,1-1,FIFA World Cup
22 Aug 1993,Brazil v Ecuador,W,2-0,FIFA World Cup
29 Aug 1993,Brazil v Bolivia,W,6-0,FIFA World Cup
05 Sep 1993,Brazil v Venezuela,W,4-0,FIFA World Cup
19 Sep 1993,Brazil v Uruguay,W,2-0,FIFA World Cup
17 Nov 1993,Germany v Brazil,L,2-1,International Friendly
16 Dec 1993,Mexico v Brazil,W,0-1,International Friendly
24 Mar 1994,Brazil v Argentina,W,2-0,International Friendly
04 May 1994,Brazil v Iceland,W,3-0,International Friendly
05 Jun 1994,Canada v Brazil,D,1-1,International Friendly
08 Jun 1994,Brazil v Honduras,W,8-2,International Friendly
13 Jun 1994,Brazil v El Salvador,W,4-0,International Friendly
20 Jun 1994,Brazil v Russia,W,2-0,FIFA World Cup
24 Jun 1994,Brazil v Cameroon,W,3-0,FIFA World Cup
28 Jun 1994,Brazil v Sweden,D,1-1,FIFA World Cup
04 Jul 1994,USA v Brazil,W,0-1,FIFA World Cup
09 Jul 1994,Brazil v Netherlands,W,3-2,FIFA World Cup
13 Jul 1994,Brazil v Sweden,W,1-0,FIFA World Cup
17 Jul 1994,Brazil v Italy,W,0-0 (3-2),FIFA World Cup
23 Dec 1994,Brazil v Yugoslavia,W,2-0,International Friendly
22 Feb 1995,Brazil v Slovakia,W,5-0,International Friendly
29 Mar 1995,Brazil v Honduras,D,1-1,International Friendly
18 May 1995,Israel v Brazil,W,1-2,International Friendly
04 Jun 1995,Brazil v Sweden,W,1-0,Umbro Cup
06 Jun 1995,Japan v Brazil,W,0-3,Umbro Cup
11 Jun 1995,England v Brazil,W, 1-3,Umbro Cup
29 Jun 1995,Brazil v Poland,W,2-1,International Friendly
07 Jul 1995,Brazil v Ecuador,W,1-0,Copa America
10 Jul 1995,Brazil v Peru,W,2-0,Copa America
13 Jul 1995,Brazil v Colombia,W,3-0,Copa America
17 Jul 1995,Brazil v Argentina,D,2-2,Copa America
20 Jul 1995,USA v Brazil,W,0-1,Copa America
23 Jul 1995,Uruguay v Brazil,L,1-1 (5-3),Copa America
09 Aug 1995,Japan v Brazil,W,1-5,International Friendly
12 Aug 1995,Korea Republic v Brazil,W,0-1,International Friendly
27 Sep 1995,Brazil v Romania,D,2-2,International Friendly
11 Oct 1995,Brazil v Uruguay,W,2-0,International Friendly
08 Nov 1995,Argentina v Brazil,W,0-1,International Friendly
20 Dec 1995,Brazil v Colombia,W,3-1,International Friendly
12 Jan 1996,Brazil v Canada,W,4-1,CONCACAF Gold Cup
14 Jan 1996,Brazil v Honduras,W,5-0,CONCACAF Gold Cup
18 Jan 1996,USA v Brazil,W,0-1,CONCACAF Gold Cup
21 Jan 1996,Brazil v Mexico,L,0-2,CONCACAF Gold Cup
27 Mar 1996,Brazil v Ghana,W,8-2,International Friendly
24 Apr 1996,South Africa v Brazil,W,2-3,International Friendly
28 Aug 1996,Russia v Brazil,D,2-2,International Friendly
31 Aug 1996,Netherlands v Brazil,D,2-2,International Friendly
16 Oct 1996,Brazil v Lithuania,W,3-1,International Friendly
13 Nov 1996,Brazil v Cameroon,W,2-0,International Friendly
18 Dec 1996,Brazil v Bosnia and Herzegovina,W,1-0,International Friendly
26 Feb 1997,Brazil v Poland,W,4-2,International Friendly
02 Apr 1997,Brazil v Chile,W,4-0,International Friendly
30 Apr 1997,Brazil v Mexico,W,4-0,International Friendly
30 May 1997,Norway v Brazil,L,4-2,International Friendly
03 Jun 1997,France v Brazil,D,1-1,Tournoi de France
08 Jun 1997,Brazil v Italy,D,3-3,Tournoi de France
10 Jun 1997,Brazil v England,W,1-0,Tournoi de France
13 Jun 1997,Brazil v Costa Rica,W,5-0,Copa America
16 Jun 1997,Brazil v Mexico,W,3-2,Copa America
19 Jun 1997,Brazil v Colombia,W,2-0,Copa America
22 Jun 1997,Brazil v Paraguay,W,2-0,Copa America
26 Jun 1997,Brazil v Peru,W,7-0,Copa America
29 Jun 1997,Bolivia v Brazil,W,1-3,Copa America
10 Aug 1997,Korea Republic v Brazil,W,1-2,Nike World Tour
13 Aug 1997,Japan v Brazil,W,0-3,International Friendly
10 Sep 1997,Brazil v Ecuador,W,4-2,International Friendly
09 Oct 1997,Brazil v Morocco,W,2-0,International Friendly
12 Nov 1997,Brazil v Wales,W,3-0,International Friendly
07 Dec 1997,South Africa v Brazil,W,1-2,International Friendly
12 Dec 1997,Saudi Arabia v Brazil,W,0-3,FIFA Confederations Cup
14 Dec 1997,Australia v Brazil,D,0-0,FIFA Confederations Cup
16 Dec 1997,Brazil v Mexico,W,3-2,FIFA Confederations Cup
19 Dec 1997,Brazil v Czech Republic,W,2-0,FIFA Confederations Cup
21 Dec 1997,Brazil v Australia,W,6-0,FIFA Confederations Cup
03 Feb 1998,Brazil v Jamaica,D,0-0,CONCACAF Gold Cup
05 Feb 1998,Brazil v Guatemala,D,1-1,CONCACAF Gold Cup
08 Feb 1998,Brazil v El Salvador,W,4-0,CONCACAF Gold Cup
10 Feb 1998,USA v Brazil,L,1-0,CONCACAF Gold Cup
15 Feb 1998,Brazil v Jamaica,W,1-0,CONCACAF Gold Cup
25 Mar 1998,Germany v Brazil,W,1-2,International Friendly
29 Apr 1998,Brazil v Argentina,L,0-1,International Friendly
03 Jun 1998,Brazil v Andorra,W,3-0,International Friendly
10 Jun 1998,Brazil v Scotland,W,2-1,FIFA World Cup
16 Jun 1998,Brazil v Morocco,W,3-0,FIFA World Cup
23 Jun 1998,Brazil v Norway,L,1-2,FIFA World Cup
27 Jun 1998,Brazil v Chile,W,4-1,FIFA World Cup
03 Jul 1998,Brazil v Denmark,W,3-2,FIFA World Cup
07 Jul 1998,Brazil v Netherlands,W,1-1 (4-2),FIFA World Cup
12 Jul 1998,Brazil v France,L,0-3,FIFA World Cup
23 Sep 1998,Brazil v Yugoslavia,D,1-1,International Friendly
14 Oct 1998,Brazil v Ecuador,W,5-1,International Friendly
18 Nov 1998,Brazil v Russia,W,5-1,International Friendly
28 Mar 1999,Korea Republic v Brazil,L,1-0,International Friendly
31 Mar 1999,Japan v Brazil,W,0-2,International Friendly
05 Jun 1999,Brazil v Netherlands,D,2-2,International Friendly
08 Jun 1999,Brazil v Netherlands,W,3-1,International Friendly
26 Jun 1999,Brazil v Latvia,W,3-0,International Friendly
30 Jun 1999,Brazil v Venezuela,W,7-0,Copa America
03 Jul 1999,Brazil v Mexico,W,2-1,Copa America
06 Jul 1999,Brazil v Chile,W,1-0,Copa America
11 Jul 1999,Brazil v Argentina,W,2-1,Copa America
14 Jul 1999,Mexico v Brazil,W,0-2,Copa America
18 Jul 1999,Brazil v Uruguay,W,3-0,Copa America
24 Jul 1999,Brazil v Germany,W,4-0,FIFA Confederations Cup
28 Jul 1999,Brazil v USA,W,1-0,FIFA Confederations Cup
30 Jul 1999,New Zealand v Brazil,W,0-2,FIFA Confederations Cup
01 Aug 1999,Brazil v Saudi Arabia,W,8-2,FIFA Confederations Cup
04 Aug 1999,Mexico v Brazil,L,4-3,FIFA Confederations Cup
04 Sep 1999,Argentina v Brazil,L,2-0,International Friendly
07 Sep 1999,Brazil v Argentina,W,4-2,International Friendly
09 Oct 1999,Netherlands v Brazil,D,2-2,International Friendly
13 Nov 1999,Spain v Brazil,D,0-0,International Friendly
23 Feb 2000,Thailand v Brazil,W,0-7,King`s Cup
28 Mar 2000,Colombia v Brazil,D,0-0,FIFA World Cup
26 Apr 2000,Brazil v Ecuador,W,3-2,FIFA World Cup
23 May 2000,Wales v Brazil,W,0-3,International Friendly
27 May 2000,England v Brazil,D,1-1,International Friendly
04 Jun 2000,Peru v Brazil,W,0-1,FIFA World Cup
28 Jun 2000,Brazil v Uruguay,D,1-1,FIFA World Cup
18 Jul 2000,Paraguay v Brazil,L,2-1,FIFA World Cup
26 Jul 2000,Brazil v Argentina,W,3-1,FIFA World Cup
15 Aug 2000,Chile v Brazil,L,3-0,FIFA World Cup
03 Sep 2000,Brazil v Bolivia,W,5-0,FIFA World Cup
08 Oct 2000,Venezuela v Brazil,W,0-6,FIFA World Cup
15 Nov 2000,Brazil v Colombia,W,1-0,FIFA World Cup
03 Mar 2001,USA v Brazil,W,1-2,International Friendly
07 Mar 2001,Mexico v Brazil,D,3-3,International Friendly
28 Mar 2001,Ecuador v Brazil,L,1-0,FIFA World Cup
25 Apr 2001,Brazil v Peru,D,1-1,FIFA World Cup
31 May 2001,Brazil v Cameroon,W,2-0,FIFA Confederations Cup
02 Jun 2001,Canada v Brazil,D,0-0,FIFA Confederations Cup
04 Jun 2001,Japan v Brazil,D,0-0,FIFA Confederations Cup
07 Jun 2001,France v Brazil,L,2-1,FIFA Confederations Cup
09 Jun 2001,Australia v Brazil,L,1-0,FIFA Confederations Cup
01 Jul 2001,Uruguay v Brazil,L,1-0,FIFA World Cup
12 Jul 2001,Brazil v Mexico,L,0-1,Copa America
15 Jul 2001,Brazil v Peru,W,2-0,Copa America
18 Jul 2001,Brazil v Paraguay,W,3-1,Copa America
23 Jul 2001,Brazil v Honduras,L,0-2,Copa America
09 Aug 2001,Brazil v Panama,W,5-0,International Friendly
16 Aug 2001,Brazil v Paraguay,W,2-0,FIFA World Cup
05 Sep 2001,Argentina v Brazil,L,2-1,FIFA World Cup
07 Oct 2001,Brazil v Chile,W,2-0,FIFA World Cup
07 Nov 2001,Bolivia v Brazil,L,3-1,FIFA World Cup
14 Nov 2001,Brazil v Venezuela,W,3-0,FIFA World Cup
31 Jan 2002,Brazil v Bolivia,W,6-0,International Friendly
06 Feb 2002,Saudi Arabia v Brazil,W,0-1,International Friendly
07 Mar 2002,Brazil v Iceland,W,6-1,International Friendly
27 Mar 2002,Brazil v Yugoslavia,W,1-0,International Friendly
17 Apr 2002,Portugal v Brazil,D,1-1,International Friendly
25 May 2002,Malaysia v Brazil,W,0-4,International Friendly
03 Jun 2002,Brazil v Turkey,W,2-1,FIFA World Cup
08 Jun 2002,Brazil v China PR,W,4-0,FIFA World Cup
13 Jun 2002,Costa Rica v Brazil,W,2-5,FIFA World Cup
17 Jun 2002,Brazil v Belgium,W,2-0,FIFA World Cup
21 Jun 2002,England v Brazil,W,1-2,FIFA World Cup
26 Jun 2002,Brazil v Turkey,W,1-0,FIFA World Cup
30 Jun 2002,Brazil v Germany,W,2-0,FIFA World Cup
21 Aug 2002,Brazil v Paraguay,L,0-1,International Friendly
20 Nov 2002,Korea Republic v Brazil,W,2-3,International Friendly
12 Feb 2003,China PR v Brazil,D,0-0,International Friendly
29 Mar 2003,Portugal v Brazil,L,2-1,International Friendly
30 Apr 2003,Mexico v Brazil,D,0-0,International Friendly
11 Jun 2003,Nigeria v Brazil,W,0-3,International Friendly
19 Jun 2003,Brazil v Cameroon,L,0-1,FIFA Confederations Cup
21 Jun 2003,Brazil v USA,W,1-0,FIFA Confederations Cup
23 Jun 2003,Brazil v Turkey,D,2-2,FIFA Confederations Cup
13 Jul 2003,Mexico v Brazil,L,1-0,CONCACAF Gold Cup
15 Jul 2003,Brazil v Honduras,W,2-1,CONCACAF Gold Cup
19 Jul 2003,Colombia v Brazil,W,0-2,CONCACAF Gold Cup
23 Jul 2003,USA v Brazil,W,1-2,CONCACAF Gold Cup
27 Jul 2003,Mexico v Brazil,L,1-0,CONCACAF Gold Cup
07 Sep 2003,Colombia v Brazil,W,1-2,FIFA World Cup
10 Sep 2003,Brazil v Ecuador,W,1-0,FIFA World Cup
11 Oct 2003,Jamaica v Brazil,W,0-1,International Friendly
16 Nov 2003,Peru v Brazil,D,1-1,FIFA World Cup
18 Nov 2003,Brazil v Uruguay,D,3-3,FIFA World Cup
18 Feb 2004,Republic of Ireland v Brazil,D,0-0,International Friendly
31 Mar 2004,Paraguay v Brazil,D,0-0,FIFA World Cup
28 Apr 2004,Hungary v Brazil,W,1-4,International Friendly
20 May 2004,France v Brazil,D,0-0,FIFA Centenary International
02 Jun 2004,Brazil v Argentina,W,3-1,FIFA World Cup
06 Jun 2004,Chile v Brazil,D,1-1,FIFA World Cup
08 Jul 2004,Brazil v Chile,W,1-0,Copa America
11 Jul 2004,Brazil v Costa Rica,W,4-1,Copa America
14 Jul 2004,Brazil v Paraguay,L,1-2,Copa America
18 Jul 2004,Brazil v Mexico,W,4-0,Copa America
21 Jul 2004,Brazil v Uruguay,W,1-1 (5-3),Copa America
25 Jul 2004,Argentina v Brazil,W,2-2 (2-4),Copa America
18 Aug 2004,Haiti v Brazil,W,0-6,International Friendly
05 Sep 2004,Brazil v Bolivia,W,3-1,FIFA World Cup
07 Sep 2004,Germany v Brazil,D,1-1,International Friendly
09 Oct 2004,Venezuela v Brazil,W,2-5,FIFA World Cup
13 Oct 2004,Brazil v Colombia,D,0-0,FIFA World Cup
17 Nov 2004,Ecuador v Brazil,L,1-0,FIFA World Cup
09 Feb 2005,Hong Kong v Brazil,W,1-7,Carlsberg Cup
27 Mar 2005,Brazil v Peru,W,1-0,FIFA World Cup
30 Mar 2005,Uruguay v Brazil,D,1-1,FIFA World Cup
27 Apr 2005,Brazil v Guatemala,W,3-0,International Friendly
05 Jun 2005,Brazil v Paraguay,W,4-1,FIFA World Cup
08 Jun 2005,Argentina v Brazil,L,3-1,FIFA World Cup
16 Jun 2005,Brazil v Greece,W,3-0,FIFA Confederations Cup
19 Jun 2005,Mexico v Brazil,L,1-0,FIFA Confederations Cup
22 Jun 2005,Japan v Brazil,D,2-2,FIFA Confederations Cup
25 Jun 2005,Germany v Brazil,W,2-3,FIFA Confederations Cup
29 Jun 2005,Brazil v Argentina,W,4-1,FIFA Confederations Cup
17 Aug 2005,Croatia v Brazil,D,1-1,International Friendly
04 Sep 2005,Brazil v Chile,W,5-0,FIFA World Cup
09 Oct 2005,Bolivia v Brazil,D,1-1,FIFA World Cup
12 Oct 2005,Brazil v Venezuela,W,3-0,FIFA World Cup
12 Nov 2005,United Arab Emirates v Brazil,W,0-8,International Friendly
01 Mar 2006,Russia v Brazil,W,0-1,International Friendly
04 Jun 2006,Brazil v New Zealand,W,4-0,International Friendly
13 Jun 2006,Brazil v Croatia,W,1-0,FIFA World Cup
18 Jun 2006,Brazil v Australia,W,2-0,FIFA World Cup
22 Jun 2006,Japan v Brazil,W,1-4,FIFA World Cup
27 Jun 2006,Brazil v Ghana,W,3-0,FIFA World Cup
01 Jul 2006,Brazil v France,L,0-1,FIFA World Cup
16 Aug 2006,Norway v Brazil,D,1-1,International Friendly
03 Sep 2006,Brazil v Argentina,W,3-0,International Friendly
05 Sep 2006,Brazil v Wales,W,2-0,International Friendly
10 Oct 2006,Ecuador v Brazil,W,1-2,International Friendly
15 Nov 2006,Switzerland v Brazil,W,1-2,International Friendly
06 Feb 2007,Portugal v Brazil,L,2-0,International Friendly
24 Mar 2007,Brazil v Chile,W,4-0,International Friendly
27 Mar 2007,Brazil v Ghana,W,1-0,International Friendly
01 Jun 2007,England v Brazil,D,1-1,International Friendly
05 Jun 2007,Brazil v Turkey,D,0-0,International Friendly
27 Jun 2007,Brazil v Mexico,L,0-2,Copa America
01 Jul 2007,Brazil v Chile,W,3-0,Copa America
04 Jul 2007,Brazil v Ecuador,W,1-0,Copa America
07 Jul 2007,Brazil v Chile,W,6-1,Copa America
10 Jul 2007,Brazil v Uruguay,W,2-2 (5-4),Copa America
15 Jul 2007,Argentina v Brazil,W,0-3,Copa America
22 Aug 2007,Brazil v Algeria,W,2-0,International Friendly
09 Sep 2007,USA v Brazil,W,2-4,International Friendly
12 Sep 2007,Brazil v Mexico,W,3-1,International Friendly
14 Oct 2007,Colombia v Brazil,D,0-0,FIFA World Cup
17 Oct 2007,Brazil v Ecuador,W,5-0,FIFA World Cup
18 Nov 2007,Peru v Brazil,D,1-1,FIFA World Cup
21 Nov 2007,Brazil v Uruguay,W,2-1,FIFA World Cup
06 Feb 2008,Republic of Ireland v Brazil,W,0-1,International Friendly
26 Mar 2008,Brazil v Sweden,W,1-0,International Friendly
31 May 2008,Brazil v Canada,W,3-2,International Friendly
06 Jun 2008,Brazil v Venezuela,L,0-2,International Friendly
15 Jun 2008,Paraguay v Brazil,L,2-0,FIFA World Cup
18 Jun 2008,Brazil v Argentina,D,0-0,FIFA World Cup
07 Sep 2008,Chile v Brazil,W,0-3,FIFA World Cup
10 Sep 2008,Brazil v Bolivia,D,0-0,FIFA World Cup
12 Oct 2008,Venezuela v Brazil,W,0-4,FIFA World Cup
15 Oct 2008,Brazil v Colombia,D,0-0,FIFA World Cup
19 Nov 2008,Brazil v Portugal,W,6-2,International Friendly
10 Feb 2009,Brazil v Italy,W,2-0,International Friendly
29 Mar 2009,Ecuador v Brazil,D,1-1,FIFA World Cup
01 Apr 2009,Brazil v Peru,W,3-0,FIFA World Cup
06 Jun 2009,Uruguay v Brazil,W,0-4,FIFA World Cup
10 Jun 2009,Brazil v Paraguay,W,2-1,FIFA World Cup
15 Jun 2009,Brazil v Egypt,W,4-3,FIFA Confederations Cup
18 Jun 2009,USA v Brazil,W,0-3,FIFA Confederations Cup
21 Jun 2009,Italy v Brazil,W,0-3,FIFA Confederations Cup
25 Jun 2009,Brazil v South Africa,W,1-0,FIFA Confederations Cup
28 Jun 2009,USA v Brazil,W,2-3,FIFA Confederations Cup
12 Aug 2009,Estonia v Brazil,W,0-1,International Friendly
05 Sep 2009,Argentina v Brazil,W,1-3,FIFA World Cup
09 Sep 2009,Brazil v Chile,W,4-2,FIFA World Cup
11 Oct 2009,Bolivia v Brazil,L,2-1,FIFA World Cup
14 Oct 2009,Brazil v Venezuela,D,0-0,FIFA World Cup
14 Nov 2009,Brazil v England,W,1-0,International Friendly
17 Nov 2009,Oman v Brazil,W,0-2,International Friendly
02 Mar 2010,Republic of Ireland v Brazil,W,0-2,International Friendly
02 Jun 2010,Zimbabwe v Brazil,W,0-3,International Friendly
07 Jun 2010,Tanzania v Brazil,W,1-5,International Friendly
15 Jun 2010,Brazil v Korea DPR,W,2-1,FIFA World Cup
20 Jun 2010,Brazil v Ivory Coast,W,3-1,FIFA World Cup
25 Jun 2010,Portugal v Brazil,D,0-0,FIFA World Cup
28 Jun 2010,Brazil v Chile,W,3-0,FIFA World Cup
02 Jul 2010,Netherlands v Brazil,L,2-1,FIFA World Cup
10 Aug 2010,USA v Brazil,W,0-2,International Friendly
07 Oct 2010,Iran v Brazil,W,0-3,International Friendly
11 Oct 2010,Brazil v Ukraine,W,2-0,International Friendly
17 Nov 2010,Argentina v Brazil,L,1-0,International Friendly
09 Feb 2011,France v Brazil,L,1-0,International Friendly
27 Mar 2011,Scotland v Brazil,W,0-2,International Friendly
04 Jun 2011,Brazil v Netherlands,D,0-0,International Friendly
07 Jun 2011,Brazil v Romania,W,1-0,International Friendly
03 Jul 2011,Brazil v Venezuela,D,0-0,Copa America
09 Jul 2011,Brazil v Paraguay,D,2-2,Copa America
13 Jul 2011,Brazil v Ecuador,W,4-2,Copa America
17 Jul 2011,Brazil v Paraguay,L,0-0 (0-2),Copa America
10 Aug 2011,Germany v Brazil,L,3-2,International Friendly
05 Sep 2011,Brazil v Ghana,W,1-0,International Friendly
14 Sep 2011,Argentina v Brazil,D,0-0,Superclasico de las Americas
28 Sep 2011,Brazil v Argentina,W,2-0Agg: 2-0,Superclasico de las Americas
07 Oct 2011,Costa Rica v Brazil,W,0-1,International Friendly
11 Oct 2011,Mexico v Brazil,W,1-2,International Friendly
10 Nov 2011,Gabon v Brazil,W,0-2,International Friendly
14 Nov 2011,Brazil v Egypt,W,2-0,International Friendly
28 Feb 2012,Bosnia and Herzegovina v Brazil,W,1-2,International Friendly
26 May 2012,Denmark v Brazil,W,1-3,International Friendly
30 May 2012,USA v Brazil,W,1-4,International Friendly
03 Jun 2012,Brazil v Mexico,L,0-2,International Friendly
09 Jun 2012,Argentina v Brazil,L,4-3,International Friendly
15 Aug 2012,Sweden v Brazil,W,0-3,International Friendly
07 Sep 2012,Brazil v South Africa,W,1-0,International Friendly
10 Sep 2012,Brazil v China PR,W,8-0,International Friendly
20 Sep 2012,Brazil v Argentina,W,2-1,Superclasico de las Americas
11 Oct 2012,Brazil v Iraq,W,6-0,International Friendly
16 Oct 2012,Brazil v Japan,W,4-0,International Friendly
14 Nov 2012,Brazil v Colombia,D,1-1,International Friendly
21 Nov 2012,Argentina v Brazil,L,2-1Agg: 3-3 (3-4),Superclasico de las Americas
06 Feb 2013,England v Brazil,L,2-1,International Friendly
21 Mar 2013,Brazil v Italy,D,2-2,International Friendly
25 Mar 2013,Brazil v Russia,D,1-1,International Friendly
06 Apr 2013,Bolivia v Brazil,W,0-4,International Friendly
24 Apr 2013,Brazil v Chile,D,2-2,International Friendly
02 Jun 2013,Brazil v England,D,2-2,International Friendly
09 Jun 2013,Brazil v France,W,3-0,International Friendly
15 Jun 2013,Brazil v Japan,W,3-0,FIFA Confederations Cup
19 Jun 2013,Brazil v Mexico,W,2-0,FIFA Confederations Cup
22 Jun 2013,Italy v Brazil,W,2-4,FIFA Confederations Cup
26 Jun 2013,Brazil v Uruguay,W,2-1,FIFA Confederations Cup
30 Jun 2013,Brazil v Spain,W,3-0,FIFA Confederations Cup
14 Aug 2013,Switzerland v Brazil,L,1-0,International Friendly
07 Sep 2013,Brazil v Australia,W,6-0,International Friendly
10 Sep 2013,Brazil v Portugal,W,3-1,International Friendly
12 Oct 2013,Korea Republic v Brazil,W,0-2,International Friendly
15 Oct 2013,Brazil v Zambia,W,2-0,International Friendly
16 Nov 2013,Honduras v Brazil,W,0-5,International Friendly
19 Nov 2013,Brazil v Chile,W,2-1,International Friendly
05 Mar 2014,South Africa v Brazil,W,0-5,International Friendly
03 Jun 2014,Brazil v Panama,W,4-0,International Friendly
06 Jun 2014,Brazil v Serbia,W,1-0,International Friendly
12 Jun 2014,Brazil v Croatia,W,3-1,FIFA World Cup
17 Jun 2014,Brazil v Mexico,D,0-0,FIFA World Cup
23 Jun 2014,Cameroon v Brazil,W,1-4,FIFA World Cup
28 Jun 2014,Brazil v Chile,W,1-1 (3-2),FIFA World Cup
04 Jul 2014,Brazil v Colombia,W,2-1,FIFA World Cup
08 Jul 2014,Germany v Brazil,L,7-1,FIFA World Cup
12 Jul 2014,Brazil v Netherlands,L,0-3,FIFA World Cup
05 Sep 2014,Brazil v Colombia,W,1-0,International Friendly
09 Sep 2014,Brazil v Ecuador,W,1-0,International Friendly
11 Oct 2014,Brazil v Argentina,W,2-0,Superclasico de las Americas
14 Oct 2014,Japan v Brazil,W,0-4,International Friendly
12 Nov 2014,Turkey v Brazil,W,0-4,International Friendly
18 Nov 2014,Austria v Brazil,W,1-2,International Friendly
26 Mar 2015,France v Brazil,W,1-3,International Friendly
29 Mar 2015,Brazil v Chile,W,1-0,International Friendly
07 Jun 2015,Brazil v Mexico,W,2-0,International Friendly
10 Jun 2015,Brazil v Honduras,W,1-0,International Friendly
14 Jun 2015,Brazil v Peru,W,2-1,Copa America
17 Jun 2015,Brazil v Colombia,L,0-1,Copa America
21 Jun 2015,Brazil v Venezuela,W,2-1,Copa America
27 Jun 2015,Brazil v Paraguay,L,1-1 (3-4),Copa America
05 Sep 2015,Costa Rica v Brazil,W,0-1,International Friendly
08 Sep 2015,USA v Brazil,W,1-4,International Friendly
08 Oct 2015,Chile v Brazil,L,2-0,FIFA World Cup
13 Oct 2015,Brazil v Venezuela,W,3-1,FIFA World Cup
13 Nov 2015,Argentina v Brazil,D,1-1,FIFA World Cup
17 Nov 2015,Brazil v Peru,W,3-0,FIFA World Cup
25 Mar 2016,Brazil v Uruguay,D,2-2,FIFA World Cup
29 Mar 2016,Paraguay v Brazil,D,2-2,FIFA World Cup
30 May 2016,Panama v Brazil,W,0-2,International Friendly
04 Jun 2016,Brazil v Ecuador,D,0-0,Copa America
08 Jun 2016,Brazil v Haiti,W,7-1,Copa America
12 Jun 2016,Peru v Brazil,L,1-0,Copa America
01 Sep 2016,Ecuador v Brazil,W,0-3,FIFA World Cup
06 Sep 2016,Brazil v Colombia,W,2-1,FIFA World Cup
07 Oct 2016,Brazil v Bolivia,W,5-0,FIFA World Cup
11 Oct 2016,Venezuela v Brazil,W,0-2,FIFA World Cup
10 Nov 2016,Brazil v Argentina,W,3-0,FIFA World Cup
15 Nov 2016,Peru v Brazil,W,0-2,FIFA World Cup
26 Jan 2017,Brazil v Colombia,W,1-0,International Friendly
24 Mar 2017,Uruguay v Brazil,W,1-4,FIFA World Cup
28 Mar 2017,Brazil v Paraguay,W,3-0,FIFA World Cup
09 Jun 2017,Brazil v Argentina,L,0-1,Superclasico de las Americas
13 Jun 2017,Australia v Brazil,W,0-4,International Friendly
31 Aug 2017,Brazil v Ecuador,W,2-0,FIFA World Cup
05 Sep 2017,Colombia v Brazil,D,1-1,FIFA World Cup
05 Oct 2017,Bolivia v Brazil,D,0-0,FIFA World Cup
10 Oct 2017,Brazil v Chile,W,3-0,FIFA World Cup
10 Nov 2017,Japan v Brazil,W,1-3,International Friendly
14 Nov 2017,England v Brazil,D,0-0,International Friendly
23 Mar 2018,Russia v Brazil,W,0-3,International Friendly
27 Mar 2018,Germany v Brazil,W,0-1,International Friendly
03 Jun 2018,Brazil v Croatia,W,2-0,International Friendly
10 Jun 2018,Austria v Brazil,W,0-3,International Friendly
17 Jun 2018,Brazil v Switzerland,D,1-1,FIFA World Cup
22 Jun 2018,Brazil v Costa Rica,W,2-0,FIFA World Cup
27 Jun 2018,Serbia v Brazil,W,0-2,FIFA World Cup
02 Jul 2018,Brazil v Mexico,W,2-0,FIFA World Cup
06 Jul 2018,Brazil v Belgium,L,1-2,FIFA World Cup
07 Sep 2018,USA v Brazil,W,0-2,International Friendly
12 Sep 2018,Brazil v El Salvador,W,5-0,International Friendly
12 Oct 2018,Saudi Arabia v Brazil,W,0-2,International Friendly
16 Oct 2018,Argentina v Brazil,W,0-1,Superclasico de las Americas
16 Nov 2018,Brazil v Uruguay,W,1-0,International Friendly
20 Nov 2018,Brazil v Cameroon,W,1-0,International Friendly
23 Mar 2019,Brazil v Panama,D,1-1,International Friendly
26 Mar 2019,Czech Republic v Brazil,W,1-3,International Friendly
05 Jun 2019,Brazil v Qatar,W,2-0,International Friendly
09 Jun 2019,Brazil v Honduras,W,7-0,International Friendly
14 Jun 2019,Brazil v Bolivia,W,3-0,Copa America
18 Jun 2019,Brazil v Venezuela,D,0-0,Copa America
22 Jun 2019,Peru v Brazil,W,0-5,Copa America
27 Jun 2019,Brazil v Paraguay,W,0-0 (4-3),Copa America
02 Jul 2019,Brazil v Argentina,W,2-0,Copa America
07 Jul 2019,Brazil v Peru,W,3-1,Copa America
06 Sep 2019,Brazil v Colombia,D,2-2,International Friendly
10 Sep 2019,Brazil v Peru,L,0-1,International Friendly
10 Oct 2019,Brazil v Senegal,D,1-1,International Friendly
13 Oct 2019,Brazil v Nigeria,D,1-1,International Friendly
15 Nov 2019,Brazil v Argentina,L,0-1,Superclasico de las Americas
19 Nov 2019,Brazil v Korea Republic,W,3-0,International Friendly
09 Oct 2020,Brazil v Bolivia,W,5-0,FIFA World Cup
13 Oct 2020,Peru v Brazil,W,2-4,FIFA World Cup
13 Nov 2020,Brazil v Venezuela,W,1-0,FIFA World Cup
17 Nov 2020,Uruguay v Brazil,W,0-2,FIFA World Cup
04 Jun 2021,Brazil v Ecuador,W,2-0,FIFA World Cup
08 Jun 2021,Paraguay v Brazil,W,0-2,FIFA World Cup
13 Jun 2021,Brazil v Venezuela,W,3-0,Copa America
17 Jun 2021,Brazil v Peru,W,4-0,Copa America
23 Jun 2021,Brazil v Colombia,W,2-1,Copa America
27 Jun 2021,Brazil v Ecuador,D,1-1,Copa America
02 Jul 2021,Brazil v Chile,W,1-0,Copa America
05 Jul 2021,Brazil v Peru,W,1-0,Copa America
10 Jul 2021,Brazil v Argentina,L,0-1,Copa America
02 Sep 2021,Chile v Brazil,W,0-1,FIFA World Cup
05 Sep 2021,Brazil v Argentina,FIFA World Cup,,
09 Sep 2021,Brazil v Peru,W,2-0,FIFA World Cup
07 Oct 2021,Venezuela v Brazil,W,1-3,FIFA World Cup
10 Oct 2021,Colombia v Brazil,D,0-0,FIFA World Cup
14 Oct 2021,Brazil v Uruguay,W,4-1,FIFA World Cup
11 Nov 2021,Brazil v Colombia,W,1-0,FIFA World Cup
16 Nov 2021,Argentina v Brazil,D,0-0,FIFA World Cup
27 Jan 2022,Ecuador v Brazil,D,1-1,FIFA World Cup
01 Feb 2022,Brazil v Paraguay,W,4-0,FIFA World Cup
24 Mar 2022,Brazil v Chile,W,4-0,FIFA World Cup
29 Mar 2022,Bolivia v Brazil,W,0-4,FIFA World Cup
02 Jun 2022,Korea Republic v Brazil,W,1-5,International Friendly
06 Jun 2022,Japan v Brazil,W,0-1,Kirin Challenge Cup
23 Sep 2022,Brazil v Ghana,W,3-0,International Friendly
27 Sep 2022,Brazil v Tunisia,W,5-1,International Friendly
24 Nov 2022,Brazil v Serbia,W,2-0,FIFA World Cup
28 Nov 2022,Brazil v Switzerland,W,1-0,FIFA World Cup
02 Dec 2022,Cameroon v Brazil,L,1-0,FIFA World Cup
05 Dec 2022,Brazil v Korea Republic,W,4-1,FIFA World Cup
09 Dec 2022,Croatia v Brazil,L,1-1 (4-2),FIFA World Cup
