Base,Classificação,Data,Valor do alvo
Delhi Climate,Menores,2013-01-05,6.0
Delhi Climate,Menores,2013-01-06,7.0
Delhi Climate,Menores,2013-01-07,7.0
Delhi Climate,Menores,2013-01-03,7.166666666666667
Delhi Climate,Menores,2013-01-02,7.4
Delhi Climate,Maiores,2013-05-25,38.71428571428572
Delhi Climate,Maiores,2014-06-07,38.5
Delhi Climate,Maiores,2013-05-24,38.42857142857143
Delhi Climate,Maiores,2016-05-27,38.27272727272727
Delhi Climate,Maiores,2016-06-04,38.2
Pilgrim's Pride,Menores,2008-12-02,0.0960495099425315
Pilgrim's Pride,Menores,2008-11-14,0.1600825190544128
Pilgrim's Pride,Menores,2008-11-20,0.1792924106121063
Pilgrim's Pride,Menores,2008-12-03,0.1792924106121063
Pilgrim's Pride,Menores,2008-11-21,0.1920990198850631
Pilgrim's Pride,Maiores,2025-04-23,52.181636810302734
Pilgrim's Pride,Maiores,2025-04-30,52.181636810302734
Pilgrim's Pride,Maiores,2025-04-22,52.124271392822266
Pilgrim's Pride,Maiores,2025-04-17,51.646240234375
Pilgrim's Pride,Maiores,2025-04-29,51.60799789428711
Seleção Brasileira,Menores,1915-01-01,0.0
Seleção Brasileira,Menores,1918-01-01,0.0
Seleção Brasileira,Menores,1924-01-01,0.0
Seleção Brasileira,Menores,1926-01-01,0.0
Seleção Brasileira,Menores,1927-01-01,0.0
Seleção Brasileira,Maiores,1997-01-01,20.0
Seleção Brasileira,Maiores,1995-01-01,15.0
Seleção Brasileira,Maiores,1956-01-01,14.0
Seleção Brasileira,Maiores,1989-01-01,14.0
Seleção Brasileira,Maiores,1999-01-01,14.0
Bike Sales,Menores,2012-02-29,0.0
Bike Sales,Menores,2014-08-01,0.0
Bike Sales,Menores,2014-08-02,0.0
Bike Sales,Menores,2014-08-03,0.0
Bike Sales,Menores,2014-08-04,0.0
Bike Sales,Maiores,2016-03-01,72218.0
Bike Sales,Maiores,2016-06-11,65218.0
Bike Sales,Maiores,2016-06-21,65065.0
Bike Sales,Maiores,2016-06-14,63727.0
Bike Sales,Maiores,2015-12-07,62919.0
Microsoft Stock,Menores,2015-04-06,40.34
Microsoft Stock,Menores,2015-08-24,40.45
Microsoft Stock,Menores,2015-04-02,40.66
Microsoft Stock,Menores,2015-04-09,41.25
Microsoft Stock,Menores,2015-04-13,41.4
Microsoft Stock,Maiores,2021-02-16,245.03
Microsoft Stock,Maiores,2021-02-10,245.0
Microsoft Stock,Maiores,2021-02-11,244.78
Microsoft Stock,Maiores,2021-02-12,243.93
Microsoft Stock,Maiores,2021-02-19,243.75
