Date,target_open,close_lag_1,volume_lag_1
2015-04-02,40.66,40.72,36865322
2015-04-06,40.34,40.29,37487476
2015-04-07,41.61,41.55,39223692
2015-04-08,41.48,41.53,28809375
2015-04-09,41.25,41.42,24753438
2015-04-10,41.63,41.48,25723861
2015-04-13,41.4,41.72,28022002
2015-04-14,41.8,41.76,30276692
2015-04-15,41.76,41.65,24244382
2015-04-16,41.95,42.26,27343581
2015-04-17,41.67,42.16,22509652
2015-04-20,41.73,41.62,42387608
2015-04-21,43.0,42.91,46057733
2015-04-22,42.67,42.64,26013844
2015-04-23,42.85,42.99,25064273
2015-04-24,45.66,43.34,46309530
2015-04-27,47.23,47.87,130933665
2015-04-28,47.78,48.03,59248172
2015-04-29,48.72,49.16,60730778
2015-04-30,48.7,49.06,47804562
2015-05-01,48.58,48.64,64725457
2015-05-04,48.37,48.66,38937336
2015-05-05,47.82,48.24,34039485
2015-05-06,47.57,47.6,50369191
2015-05-07,46.27,46.28,52433020
2015-05-08,47.55,46.7,32971654
2015-05-11,47.55,47.75,35364911
2015-05-12,46.85,47.37,24609416
2015-05-13,48.19,47.35,29928264
2015-05-14,48.03,47.63,34184613
2015-05-15,48.87,48.72,32980892
2015-05-18,47.98,48.3,28642694
2015-05-19,47.62,48.01,24136502
2015-05-20,47.39,47.58,28574813
2015-05-21,47.28,47.58,25047919
2015-05-22,47.3,47.42,22410698
2015-05-26,46.83,46.9,25720583
2015-05-27,46.82,46.59,29581860
2015-05-28,47.5,47.61,27335639
2015-05-29,47.43,47.45,19283666
2015-06-01,47.06,46.86,36519594
2015-06-02,46.95,47.23,28837332
2015-06-03,47.37,46.92,21498326
2015-06-04,46.79,46.85,28002154
2015-06-05,46.31,46.36,27745512
2015-06-08,46.3,46.14,25438086
2015-06-09,45.76,45.73,22121634
2015-06-10,45.79,45.65,24406057
2015-06-11,46.66,46.61,28417405
2015-06-12,46.2,46.44,27347758
2015-06-15,45.45,45.97,23930972
2015-06-16,45.35,45.48,33254517
2015-06-17,45.73,45.83,27070306
2015-06-18,46.22,45.97,28704061
2015-06-19,46.79,46.72,32658343
2015-06-22,46.33,46.1,63837036
2015-06-23,46.13,46.23,20318055
2015-06-24,45.68,45.91,25896473
2015-06-25,46.03,45.64,34890901
2015-06-26,45.65,45.65,20615995
2015-06-29,45.04,45.26,49835287
2015-06-30,44.71,44.37,34081746
2015-07-01,44.49,44.15,35945384
2015-07-02,44.48,44.45,28343907
2015-07-06,43.96,44.4,21752013
2015-07-07,44.34,44.39,23033961
2015-07-08,44.44,44.3,36435827
2015-07-09,44.75,44.24,39785901
2015-07-10,45.01,44.52,32424672
2015-07-13,44.98,44.61,25465757
2015-07-14,45.45,45.54,28178329
2015-07-15,45.68,45.62,22880260
2015-07-16,46.01,45.76,26629615
2015-07-17,46.55,46.66,26271673
2015-07-20,46.65,46.62,29467107
2015-07-21,46.78,46.92,30631905
2015-07-22,45.44,47.28,42781899
2015-07-23,45.27,45.54,59152427
2015-07-24,45.91,46.11,33934010
2015-07-27,45.94,45.94,32333244
2015-07-28,45.58,45.35,39701420
2015-07-29,45.4,45.34,34328948
2015-07-30,46.26,46.29,40945864
2015-07-31,47.29,46.88,39777883
2015-08-03,46.98,46.7,31201480
2015-08-04,46.75,46.81,24125886
2015-08-05,47.98,47.54,33403916
2015-08-06,47.71,47.58,26959655
2015-08-07,46.39,46.62,27368000
2015-08-10,46.95,46.74,19163038
2015-08-11,46.82,47.33,23079870
2015-08-12,46.19,46.41,29237402
2015-08-13,47.06,46.74,30198532
2015-08-14,46.53,46.73,22627241
2015-08-17,46.81,47.0,21473402
2015-08-18,46.84,47.32,21099746
2015-08-19,46.78,47.27,23574104
2015-08-20,46.07,46.61,31485511
2015-08-21,45.3,45.66,36238227
2015-08-24,40.45,43.07,70053084
2015-08-25,42.57,41.68,88753660
2015-08-26,42.01,40.47,70616597
2015-08-27,43.23,42.71,63407996
2015-08-28,43.4,43.9,50943211
2015-08-31,43.56,43.93,28246725
2015-09-01,42.17,43.52,34441662
2015-09-02,42.36,41.82,49688896
2015-09-03,43.41,43.36,37671518
2015-09-04,42.81,43.5,28285205
2015-09-08,43.3,42.61,37138775
2015-09-09,44.21,43.89,32469766
2015-09-10,43.12,43.07,33469485
2015-09-11,43.14,43.29,31366630
2015-09-14,43.43,43.48,27132527
2015-09-15,43.19,43.04,23656048
2015-09-16,43.97,43.98,28882206
2015-09-17,44.29,44.3,23372162
2015-09-18,43.5,44.25,32768161
2015-09-21,43.62,43.48,63143684
2015-09-22,43.38,44.11,26177224
2015-09-23,43.93,43.9,28085903
2015-09-24,43.45,43.87,17145238
2015-09-25,44.48,43.91,27905607
2015-09-28,43.83,43.94,29384601
2015-09-29,43.37,43.29,27613785
2015-09-30,43.88,43.44,32763557
2015-10-01,44.75,44.26,34958880
2015-10-02,44.27,44.61,28657859
2015-10-05,45.75,45.57,41839035
2015-10-06,46.33,46.63,34369286
2015-10-07,47.1,46.75,27510808
2015-10-08,46.56,46.8,27711492
2015-10-09,47.45,47.45,33772709
2015-10-12,46.98,47.11,28600632
2015-10-13,46.56,47.0,19769066
2015-10-14,46.65,46.89,19987816
2015-10-15,47.01,46.68,24697766
2015-10-16,47.02,47.01,27189370
2015-10-19,47.42,47.51,26450334
2015-10-20,47.44,47.62,29387581
2015-10-21,47.92,47.77,30802235
2015-10-22,47.53,47.2,25264710
2015-10-23,52.3,48.03,56637074
2015-10-26,52.53,52.87,135227059
2015-10-27,53.99,54.25,64633324
2015-10-28,53.54,53.69,50999907
2015-10-29,53.54,53.98,47000753
2015-10-30,53.32,53.36,30202078
2015-11-02,52.85,52.64,46619761
2015-11-03,52.93,53.24,30284982
2015-11-04,54.18,54.15,36596931
2015-11-05,54.49,54.4,37087849
2015-11-06,54.09,54.38,31468485
2015-11-09,54.55,54.92,32851204
2015-11-10,54.01,54.16,32513067
2015-11-11,53.7,53.51,55283697
2015-11-12,53.48,53.65,36516260
2015-11-13,53.07,53.32,35361095
2015-11-16,53.08,52.84,36848175
2015-11-17,53.17,53.77,32165198
2015-11-18,53.0,52.97,31551255
2015-11-19,53.99,53.85,29710030
2015-11-20,54.25,53.94,28149228
2015-11-23,54.25,54.19,37147608
2015-11-24,53.92,54.19,28235918
2015-11-25,54.09,54.25,24600043
2015-11-27,53.8,53.69,21005147
2015-11-30,54.54,53.93,9009132
2015-12-01,54.41,54.35,56241417
2015-12-02,55.32,55.22,39952779
2015-12-03,55.49,55.21,47274879
2015-12-04,54.12,54.2,38627835
2015-12-07,55.79,55.91,43963662
2015-12-08,55.47,55.81,30709765
2015-12-09,55.37,55.79,32878026
2015-12-10,55.39,54.98,36373209
2015-12-11,54.71,55.27,31775826
2015-12-14,54.33,54.06,39549497
2015-12-15,55.66,55.14,47006491
2015-12-16,55.54,55.2,39842998
2015-12-17,56.36,56.13,37503300
2015-12-18,55.77,55.7,41280907
2015-12-21,54.88,54.13,84684164
2015-12-22,54.99,54.83,37246325
2015-12-23,55.7,55.35,28322241
2015-12-24,55.86,55.82,27279832
2015-12-28,55.35,55.67,9570002
2015-12-29,56.29,55.95,22458293
2015-12-30,56.47,56.55,27731403
2015-12-31,56.04,56.31,21704505
2016-01-04,54.32,55.48,27334061
2016-01-05,54.93,54.8,53777963
2016-01-06,54.32,55.05,34079674
2016-01-07,52.7,54.05,39518863
2016-01-08,52.37,52.17,56564852
2016-01-11,52.51,52.33,48753969
2016-01-12,52.76,52.3,36943756
2016-01-13,53.8,52.78,36095539
2016-01-14,52.0,51.64,66883571
2016-01-15,51.31,53.11,52381918
2016-01-19,51.48,50.99,71820697
2016-01-20,49.98,50.56,43564538
2016-01-21,51.0,50.79,63272993
2016-01-22,51.41,50.48,40191157
2016-01-25,51.94,52.29,37555789
2016-01-26,51.79,51.79,34707717
2016-01-27,52.01,52.17,28900820
2016-01-28,51.86,51.22,36775194
2016-01-29,54.73,52.06,62513789
2016-02-01,54.88,55.09,83611686
2016-02-02,54.17,54.71,44208542
2016-02-03,53.25,53.0,56313753
2016-02-04,52.1,52.16,57559814
2016-02-05,51.94,52.0,46987123
2016-02-08,49.55,50.16,62008994
2016-02-09,49.02,49.41,59290497
2016-02-10,49.89,49.28,46740474
2016-02-11,48.68,49.71,38236954
2016-02-12,50.25,49.69,48878571
2016-02-16,50.9,50.5,34243324
2016-02-17,51.49,51.09,37291208
2016-02-18,52.33,52.42,40788968
2016-02-19,51.97,52.19,27176035
2016-02-22,52.28,51.82,33559073
2016-02-23,52.34,52.65,25008291
2016-02-24,50.69,51.18,28895274
2016-02-25,51.73,51.36,33014457
2016-02-26,52.6,52.1,26939467
2016-02-29,51.35,51.3,35975925
2016-03-01,50.97,50.88,31654036
2016-03-02,52.41,52.58,33024535
2016-03-03,52.97,52.95,29289884
2016-03-04,52.4,52.35,24427813
2016-03-07,51.56,52.03,33034150
2016-03-08,50.8,51.03,38428816
2016-03-09,51.89,51.65,33835119
2016-03-10,52.93,52.84,28251588
2016-03-11,53.0,52.05,38387804
2016-03-14,52.71,53.07,32275677
2016-03-15,52.75,53.17,24083616
2016-03-16,53.45,53.59,21104763
2016-03-17,54.21,54.35,31691742
2016-03-18,54.92,54.66,20539771
2016-03-21,53.25,53.49,67625518
2016-03-22,53.61,53.86,23925716
2016-03-23,54.11,54.07,23124143
2016-03-24,53.84,53.97,20129015
2016-03-28,54.21,54.21,19949972
2016-03-29,53.66,53.54,17025050
2016-03-30,54.93,54.71,23924329
2016-03-31,54.95,55.05,23008260
2016-04-01,55.05,55.23,26360495
2016-04-04,55.43,55.57,24399193
2016-04-05,55.19,55.43,18928810
2016-04-06,54.36,54.56,19272255
2016-04-07,54.87,55.12,21188682
2016-04-08,54.67,54.46,19225092
2016-04-11,54.49,54.42,22167223
2016-04-12,54.37,54.31,21414227
2016-04-13,55.12,54.65,24944288
2016-04-14,55.22,55.35,20817961
2016-04-15,55.3,55.36,20877108
2016-04-18,55.49,55.65,28793753
2016-04-19,56.63,56.46,23785950
2016-04-20,56.29,56.39,29596827
2016-04-21,55.8,55.59,36195714
2016-04-22,51.91,55.78,38909096
2016-04-25,51.78,51.78,126834091
2016-04-26,52.26,52.11,33226948
2016-04-27,51.48,51.44,33532636
2016-04-28,50.62,50.94,43369256
2016-04-29,49.35,49.9,43134846
2016-05-02,50.0,49.87,48411684
2016-05-03,50.34,50.61,33114539
2016-05-04,49.84,49.78,26460244
2016-05-05,49.87,49.87,24257556
2016-05-06,49.92,49.94,25390718
2016-05-09,50.49,50.39,24787301
2016-05-10,50.33,50.07,17951598
2016-05-11,51.13,51.02,22890966
2016-05-12,51.2,51.05,24039140
2016-05-13,51.44,51.51,24102781
2016-05-16,50.8,51.08,22592342
2016-05-17,51.72,51.83,20032017
2016-05-18,50.48,50.51,27803514
2016-05-19,50.47,50.81,24907532
2016-05-20,50.48,50.32,23842358
2016-05-23,50.6,50.62,23905769
2016-05-24,50.7,50.03,26118720
2016-05-25,51.92,51.59,34757944
2016-05-26,51.93,52.12,24204566
2016-05-27,51.92,51.89,24335223
2016-05-31,52.26,52.32,17721438
2016-06-01,52.44,53.0,37653081
2016-06-02,52.64,52.85,25324828
2016-06-03,52.38,52.48,22840779
2016-06-06,51.99,51.79,23368291
2016-06-07,52.24,52.13,18243271
2016-06-08,52.02,52.1,20866770
2016-06-09,52.0,52.04,21149438
2016-06-10,51.05,51.62,20305664
2016-06-13,49.58,51.48,25833151
2016-06-14,49.9,50.14,83217844
2016-06-15,49.78,49.83,42577106
2016-06-16,49.52,49.69,33757639
2016-06-17,50.41,50.39,31188605
2016-06-20,50.64,50.13,45710516
2016-06-21,50.2,50.07,35607946
2016-06-22,51.08,51.19,34097825
2016-06-23,51.28,50.99,28816848
2016-06-24,49.81,51.91,29028833
2016-06-27,49.1,49.83,133502985
2016-06-28,48.92,48.43,50576699
2016-06-29,49.91,49.44,38140658
2016-06-30,50.72,50.54,31304021
2016-07-01,51.13,51.17,28527781
2016-07-05,50.83,51.16,21400392
2016-07-06,50.78,51.17,24806351
2016-07-07,51.42,51.38,28167461
2016-07-08,51.73,51.38,19585194
2016-07-11,52.5,52.3,28391026
2016-07-12,52.94,52.59,22269203
2016-07-13,53.56,53.21,27317555
2016-07-14,53.84,53.51,25356841
2016-07-15,53.95,53.74,24545520
2016-07-18,53.7,53.7,32024385
2016-07-19,53.71,53.96,31433864
2016-07-20,56.15,53.09,53336533
2016-07-21,55.98,55.91,89893301
2016-07-22,56.08,55.8,32776653
2016-07-25,56.47,56.57,32157167
2016-07-26,56.52,56.73,25610587
2016-07-27,56.61,56.76,28078995
2016-07-28,56.0,56.19,32327477
2016-07-29,56.26,56.21,37550411
2016-08-01,56.6,56.68,30558718
2016-08-02,56.85,56.58,26003419
2016-08-03,56.68,56.58,35121958
2016-08-04,56.8,56.97,22075616
2016-08-05,57.65,57.39,26587749
2016-08-08,58.06,57.96,29335221
2016-08-09,58.17,58.06,19473499
2016-08-10,58.16,58.2,16920721
2016-08-11,58.03,58.02,15756913
2016-08-12,58.03,58.3,18162301
2016-08-15,58.01,57.94,21655161
2016-08-16,57.61,58.12,19283902
2016-08-17,57.54,57.44,20523493
2016-08-18,57.42,57.56,18856423
2016-08-19,57.43,57.6,14214341
2016-08-22,57.6,57.62,17271044
2016-08-23,57.9,57.67,15221922
2016-08-24,57.8,57.89,18732373
2016-08-25,57.88,57.95,18151506
2016-08-26,58.28,58.17,18552579
2016-08-29,58.18,58.03,20971202
2016-08-30,57.98,58.1,16417207
2016-08-31,57.65,57.89,16930185
2016-09-01,57.01,57.46,20860269
2016-09-02,57.67,57.59,26075363
2016-09-06,57.78,57.67,18900489
2016-09-07,57.47,57.61,16278416
2016-09-08,57.63,57.66,17493359
2016-09-09,56.79,57.43,20146083
2016-09-12,56.0,56.21,35113934
2016-09-13,56.5,57.05,29302962
2016-09-14,56.39,56.53,30130213
2016-09-15,56.15,56.26,24274273
2016-09-16,57.63,57.19,27062614
2016-09-19,57.27,57.25,44606965
2016-09-20,57.35,56.93,20937104
2016-09-21,57.51,56.81,17383982
2016-09-22,57.92,57.76,33707272
2016-09-23,57.87,57.82,19822203
2016-09-26,57.08,57.43,19955336
2016-09-27,56.93,56.9,21688720
2016-09-28,57.88,57.95,28065071
2016-09-29,57.81,58.03,20536400
2016-09-30,57.57,57.4,25463536
2016-10-03,57.41,57.6,29910788
2016-10-04,57.27,57.42,19189515
2016-10-05,57.29,57.24,20085874
2016-10-06,57.74,57.64,16726411
2016-10-07,57.85,57.74,16212611
2016-10-10,57.91,57.8,20089020
2016-10-11,57.89,58.04,18196509
2016-10-12,57.11,57.19,26497418
2016-10-13,56.7,57.11,22177464
2016-10-14,57.12,56.92,25313748
2016-10-17,57.36,57.42,27402451
2016-10-18,57.53,57.22,23830014
2016-10-19,57.47,57.66,19149538
2016-10-20,57.5,57.53,22878397
2016-10-21,60.28,57.25,49455612
2016-10-24,59.94,59.66,80032206
2016-10-25,60.85,61.0,54066978
2016-10-26,60.81,60.99,35137164
2016-10-27,60.61,60.63,29911608
2016-10-28,60.01,60.1,28479856
2016-10-31,60.16,59.87,33574684
2016-11-01,59.97,59.92,26434697
2016-11-02,59.82,59.8,24532986
2016-11-03,59.53,59.43,22147005
2016-11-04,58.65,59.21,21600427
2016-11-07,59.78,58.71,28697016
2016-11-08,60.55,60.42,31664798
2016-11-09,60.0,60.47,22935355
2016-11-10,60.48,60.17,49632479
2016-11-11,58.23,58.7,57822394
2016-11-14,59.02,59.02,38767843
2016-11-15,58.33,58.12,41328422
2016-11-16,58.94,58.87,35904126
2016-11-17,60.41,59.65,27332475
2016-11-18,60.78,60.64,32132728
2016-11-21,60.5,60.35,27686311
2016-11-22,60.98,60.86,19652595
2016-11-23,61.01,61.12,23206700
2016-11-25,60.3,60.4,21848913
2016-11-28,60.34,60.53,8409616
2016-11-29,60.65,60.61,20732619
2016-11-30,60.86,61.09,22366721
2016-12-01,60.11,60.26,34655435
2016-12-02,59.08,59.2,34542121
2016-12-05,59.7,59.25,25515665
2016-12-06,60.43,60.22,23552658
2016-12-07,60.01,59.95,19907035
2016-12-08,61.3,61.37,30808969
2016-12-09,61.18,61.01,21220753
2016-12-12,61.82,61.97,27349356
2016-12-13,62.5,62.17,20198081
2016-12-14,63.0,62.98,35718868
2016-12-15,62.7,62.68,30352654
2016-12-16,62.95,62.58,27669868
2016-12-19,62.56,62.3,42453083
2016-12-20,63.69,63.62,34338219
2016-12-21,63.43,63.54,26028379
2016-12-22,63.84,63.54,17096304
2016-12-23,63.45,63.55,22176585
2016-12-27,63.21,63.24,12403819
2016-12-28,63.4,63.28,11763173
2016-12-29,62.86,62.99,14653348
2016-12-30,62.96,62.9,10250582
2017-01-03,62.79,62.14,25579908
2017-01-04,62.48,62.58,20694101
2017-01-05,62.19,62.3,21339969
2017-01-06,62.3,62.3,24875968
2017-01-09,62.76,62.84,19922919
2017-01-10,62.73,62.64,20382730
2017-01-11,62.61,62.62,18593004
2017-01-12,63.06,63.19,21517335
2017-01-13,62.62,62.61,20968223
2017-01-17,62.68,62.7,19422310
2017-01-18,62.67,62.53,20663983
2017-01-19,62.24,62.5,19670102
2017-01-20,62.67,62.3,18451655
2017-01-23,62.7,62.74,30213462
2017-01-24,63.2,62.96,23097581
2017-01-25,63.95,63.52,24672940
2017-01-26,64.12,63.68,24654933
2017-01-27,65.39,64.27,43554645
2017-01-30,65.69,65.78,44817972
2017-01-31,64.86,65.13,31651445
2017-02-01,64.36,64.65,25270549
2017-02-02,63.25,63.58,39671528
2017-02-03,63.5,63.17,45827013
2017-02-06,63.5,63.68,30301759
2017-02-07,63.74,63.64,19796360
2017-02-08,63.57,63.43,20277226
2017-02-09,63.52,63.34,18096358
2017-02-10,64.25,64.06,22644443
2017-02-13,64.24,64.0,18170729
2017-02-14,64.41,64.72,22920101
2017-02-15,64.5,64.57,23108426
2017-02-16,64.74,64.53,17005157
2017-02-17,64.47,64.52,20546345
2017-02-21,64.61,64.62,21248818
2017-02-22,64.33,64.49,20655869
2017-02-23,64.42,64.36,19292651
2017-02-24,64.53,64.62,20273128
2017-02-27,64.54,64.62,21796800
2017-02-28,64.08,64.23,15871507
2017-03-01,64.13,63.98,23239825
2017-03-02,64.69,64.94,26937459
2017-03-03,63.99,64.01,24539597
2017-03-06,63.97,64.25,18139405
2017-03-07,64.19,64.27,18750255
2017-03-08,64.26,64.4,18520987
2017-03-09,65.19,64.99,21510907
2017-03-10,65.11,64.73,19846832
2017-03-13,65.14,64.93,19538245
2017-03-14,64.53,64.71,20100035
2017-03-15,64.55,64.41,14280202
2017-03-16,64.75,64.75,24833810
2017-03-17,64.91,64.64,20674296
2017-03-20,64.91,64.87,49219686
2017-03-21,65.19,64.93,14598083
2017-03-22,64.12,64.21,26640480
2017-03-23,64.94,65.03,20680015
2017-03-24,65.12,64.87,19269203
2017-03-27,64.63,64.98,22617105
2017-03-28,64.96,65.1,18614662
2017-03-29,65.12,65.29,20080358
2017-03-30,65.42,65.47,13618424
2017-03-31,65.65,65.71,15122823
2017-04-03,65.81,65.86,21040331
2017-04-04,65.39,65.55,20400871
2017-04-05,66.3,65.73,12997449
2017-04-06,65.6,65.56,21448594
2017-04-07,65.85,65.73,18103453
2017-04-10,65.61,65.68,14108533
2017-04-11,65.6,65.53,17952742
2017-04-12,65.42,65.48,18791533
2017-04-13,65.29,65.23,17108513
2017-04-17,65.04,64.95,17896483
2017-04-18,65.33,65.48,16689265
2017-04-19,65.65,65.39,15155611
2017-04-20,65.46,65.04,26992771
2017-04-21,65.67,65.5,22299477
2017-04-24,67.48,66.4,32522645
2017-04-25,67.9,67.53,29769976
2017-04-26,68.08,67.92,30242730
2017-04-27,68.15,67.83,26190770
2017-04-28,68.91,68.27,34970953
2017-05-01,68.68,68.46,39548818
2017-05-02,69.71,69.41,31954362
2017-05-03,69.38,69.3,23906119
2017-05-04,69.03,69.08,28927973
2017-05-05,68.9,68.81,21749409
2017-05-08,68.97,69.0,19128782
2017-05-09,68.86,68.94,18566087
2017-05-10,68.99,69.04,22858414
2017-05-11,68.36,69.31,17977830
2017-05-12,68.61,68.46,28789413
2017-05-15,68.14,68.38,18714123
2017-05-16,68.23,68.43,31530301
2017-05-17,68.89,69.41,34956038
2017-05-18,67.4,67.48,30548781
2017-05-19,67.5,67.71,25201274
2017-05-22,67.89,67.69,26961119
2017-05-23,68.72,68.45,16237550
2017-05-24,68.87,68.68,15425824
2017-05-25,68.97,68.77,14666865
2017-05-26,69.8,69.62,21854095
2017-05-30,69.79,69.96,19827923
2017-05-31,70.53,70.41,17072838
2017-06-01,70.24,69.84,30436364
2017-06-02,70.44,70.1,21603601
2017-06-05,71.97,71.76,34770261
2017-06-06,72.3,72.28,33316760
2017-06-07,72.64,72.52,31511065
2017-06-08,72.51,72.39,22301765
2017-06-09,72.04,71.95,24588270
2017-06-12,69.25,70.32,49187396
2017-06-13,70.02,69.78,47761743
2017-06-14,70.91,70.65,25258614
2017-06-15,69.27,70.27,25510685
2017-06-16,69.73,69.9,26068709
2017-06-19,70.5,70.0,48345085
2017-06-20,70.82,70.87,23798268
2017-06-21,70.21,69.91,21512231
2017-06-22,70.54,70.27,19891051
2017-06-23,70.09,70.26,22965738
2017-06-26,71.4,71.21,27617291
2017-06-27,70.11,70.53,19606974
2017-06-28,69.21,69.21,25215128
2017-06-29,69.38,69.8,25806200
2017-06-30,68.78,68.49,28918715
2017-07-03,69.33,68.93,24161068
2017-07-05,68.26,68.17,16165538
2017-07-06,68.27,69.08,21176272
2017-07-07,68.7,68.57,21117572
2017-07-10,69.46,69.46,16878317
2017-07-11,70.0,69.98,15014503
2017-07-12,70.69,69.99,17460022
2017-07-13,71.5,71.15,17750925
2017-07-14,72.24,71.77,20269816
2017-07-17,72.8,72.78,25868086
2017-07-18,73.09,73.35,21803907
2017-07-19,73.5,73.3,26435296
2017-07-20,74.18,73.86,22416222
2017-07-21,73.45,74.22,42361025
2017-07-24,73.53,73.79,46717082
2017-07-25,73.8,73.6,21394826
2017-07-26,74.34,74.19,22018681
2017-07-27,73.76,74.05,16252233
2017-07-28,72.67,73.16,36844220
2017-07-31,73.3,73.04,18306680
2017-08-01,73.1,72.7,23600054
2017-08-02,72.55,72.58,20823890
2017-08-03,72.19,72.26,26499158
2017-08-04,72.4,72.15,18214424
2017-08-07,72.8,72.68,22578952
2017-08-08,72.09,72.4,18705681
2017-08-09,72.25,72.79,22044587
2017-08-10,71.9,72.47,22213410
2017-08-11,71.61,71.41,24734461
2017-08-14,73.06,72.5,21443675
2017-08-15,73.59,73.59,20096592
2017-08-16,73.34,73.22,19181402
2017-08-17,73.58,73.65,18150402
2017-08-18,72.27,72.4,22977519
2017-08-21,72.47,72.49,18761491
2017-08-22,72.35,72.15,17734767
2017-08-23,72.96,73.16,14343674
2017-08-24,72.74,72.72,13766507
2017-08-25,72.86,72.69,17098282
2017-08-28,73.06,72.82,12794301
2017-08-29,72.25,72.83,14569715
2017-08-30,73.01,73.05,11478382
2017-08-31,74.03,74.01,16897801
2017-09-01,74.71,74.77,27652811
2017-09-05,73.34,73.94,21736161
2017-09-06,73.74,73.61,22242384
2017-09-07,73.68,73.4,16535785
2017-09-08,74.33,74.34,17471200
2017-09-11,74.31,73.98,14703816
2017-09-12,74.76,74.76,17910383
2017-09-13,74.93,74.68,14394850
2017-09-14,75.0,75.21,13380802
2017-09-15,74.83,74.77,15733914
2017-09-18,75.23,75.31,38578441
2017-09-19,75.21,75.16,23306959
2017-09-20,75.35,75.44,16093344
2017-09-21,75.11,74.94,21587878
2017-09-22,73.99,74.21,19186140
2017-09-25,74.09,74.41,14111365
2017-09-26,73.67,73.26,24149163
2017-09-27,73.55,73.26,18019577
2017-09-28,73.54,73.85,19565135
2017-09-29,73.94,73.87,10883787
2017-10-02,74.71,74.49,17079114
2017-10-03,74.67,74.61,15304762
2017-10-04,74.0,74.26,12190403
2017-10-05,75.22,74.69,13317681
2017-10-06,75.67,75.97,21195261
2017-10-09,75.97,76.0,13959814
2017-10-10,76.33,76.29,11386502
2017-10-11,76.36,76.29,13944545
2017-10-12,76.49,76.42,15388898
2017-10-13,77.59,77.12,16876538
2017-10-16,77.42,77.49,15335742
2017-10-17,77.47,77.65,12380093
2017-10-18,77.67,77.59,16823989
2017-10-19,77.57,77.61,13300701
2017-10-20,78.32,77.91,15092758
2017-10-23,78.99,78.81,22866426
2017-10-24,78.9,78.83,20627173
2017-10-25,78.58,78.86,17517182
2017-10-26,79.2,78.63,20410808
2017-10-27,84.37,78.76,32120717
2017-10-30,83.7,83.81,71066729
2017-10-31,84.36,83.89,31756653
2017-11-01,83.68,83.18,27086575
2017-11-02,83.35,83.18,22307371
2017-11-03,84.08,84.05,23992945
2017-11-06,84.2,84.14,17633543
2017-11-07,84.77,84.47,19860852
2017-11-08,84.14,84.27,17939727
2017-11-09,84.11,84.56,18034170
2017-11-10,83.79,84.09,21178356
2017-11-13,83.66,83.87,19397793
2017-11-14,83.5,83.93,14196896
2017-11-15,83.47,84.05,18801280
2017-11-16,83.1,82.98,19383102
2017-11-17,83.12,83.2,20962750
2017-11-20,82.4,82.4,22078993
2017-11-21,82.74,82.53,16314978
2017-11-22,83.83,83.72,21237454
2017-11-24,83.01,83.11,20553089
2017-11-27,83.31,83.26,7425603
2017-11-28,84.07,83.87,18265242
2017-11-29,84.71,84.88,21925959
2017-11-30,83.51,83.34,27381109
2017-12-01,83.6,84.17,33054647
2017-12-04,84.42,84.26,29532132
2017-12-05,81.34,81.08,39094880
2017-12-06,81.55,81.59,26152261
2017-12-07,82.54,82.78,26162054
2017-12-08,83.63,82.49,23184547
2017-12-11,84.29,84.16,24489106
2017-12-12,85.31,85.23,22857854
2017-12-13,85.74,85.58,23924105
2017-12-14,85.43,85.35,22062679
2017-12-15,85.26,84.69,19305961
2017-12-18,87.12,86.85,53936687
2017-12-19,86.35,86.38,22283752
2017-12-20,86.2,85.83,23524787
2017-12-21,86.05,85.52,23674931
2017-12-22,85.4,85.5,17990745
2017-12-26,85.31,85.51,14145841
2017-12-27,85.65,85.4,9891237
2017-12-28,85.9,85.71,14678025
2017-12-29,85.63,85.72,10594344
2018-01-02,86.13,85.54,18717406
2018-01-03,86.06,85.95,22483797
2018-01-04,86.59,86.35,26061439
2018-01-05,87.66,87.11,21911974
2018-01-08,88.2,88.19,23407110
2018-01-09,88.65,88.28,22113049
2018-01-10,87.86,88.22,19484317
2018-01-11,88.13,87.82,18652201
2018-01-12,88.67,88.08,17808877
2018-01-16,90.1,89.6,24271531
2018-01-17,89.08,88.35,36599736
2018-01-18,89.8,90.14,25621164
2018-01-19,90.14,90.1,24159683
2018-01-22,90.0,90.0,36875013
2018-01-23,91.9,91.61,23601555
2018-01-24,92.55,91.9,23412841
2018-01-25,92.47,91.82,33277483
2018-01-26,93.12,92.33,26383238
2018-01-29,95.14,94.06,29172167
2018-01-30,93.3,93.92,31569940
2018-01-31,93.75,92.74,38635053
2018-02-01,94.79,95.01,48756338
2018-02-02,93.64,94.26,47227882
2018-02-05,90.56,91.78,47867753
2018-02-06,86.89,88.0,51031465
2018-02-07,90.49,91.33,67998564
2018-02-08,89.71,89.61,41107592
2018-02-09,86.3,85.01,55628657
2018-02-12,88.74,88.18,63499065
2018-02-13,88.93,89.13,35720341
2018-02-14,88.51,89.83,26407702
2018-02-15,91.21,90.81,34960912
2018-02-16,92.45,92.66,27823866
2018-02-20,91.48,92.0,30596919
2018-02-21,92.98,92.72,30911725
2018-02-22,92.05,91.49,26922503
2018-02-23,92.75,91.73,24392753
2018-02-26,94.4,94.06,26329226
2018-02-27,95.74,95.42,30199846
2018-02-28,94.84,94.2,25869119
2018-03-01,93.99,93.77,31167338
2018-03-02,91.58,92.85,37135561
2018-03-05,92.34,93.05,32830389
2018-03-06,94.34,93.64,23901578
2018-03-07,93.16,93.32,22175776
2018-03-08,94.27,93.86,26716127
2018-03-09,95.29,94.43,25887828
2018-03-12,96.5,96.54,36937254
2018-03-13,97.0,96.77,26073742
2018-03-14,95.12,94.41,35387817
2018-03-15,93.53,93.85,32131981
2018-03-16,94.68,94.18,27610998
2018-03-19,93.74,94.6,49081279
2018-03-20,93.05,92.89,33344085
2018-03-21,92.93,93.13,23075240
2018-03-22,91.27,92.48,24457082
2018-03-23,89.5,89.79,38604715
2018-03-26,90.61,87.18,44068949
2018-03-27,94.94,93.78,56396780
2018-03-28,89.82,89.47,56569011
2018-03-29,90.18,89.39,52501146
2018-04-02,90.47,91.27,45867548
2018-04-03,89.58,88.52,48515417
2018-04-04,87.85,89.71,37213837
2018-04-05,92.44,92.33,35559956
2018-04-06,91.49,92.38,29771881
2018-04-09,91.04,90.23,38026000
2018-04-10,92.39,90.77,31533943
2018-04-11,92.01,92.88,26939883
2018-04-12,92.43,91.86,24872110
2018-04-13,94.05,93.58,26758879
2018-04-16,94.07,93.08,23346063
2018-04-17,95.0,94.17,20288083
2018-04-18,96.22,96.07,26771000
2018-04-19,96.44,96.44,21043287
2018-04-20,95.91,96.11,23552541
2018-04-23,95.74,95.0,31154377
2018-04-24,96.24,95.35,22331829
2018-04-25,93.3,93.12,34524799
2018-04-26,93.55,92.31,33729257
2018-04-27,97.6,94.26,42529043
2018-04-30,96.33,95.82,48272780
2018-05-01,93.21,93.52,41523605
2018-05-02,94.99,95.0,31408927
2018-05-03,92.96,93.51,27471002
2018-05-04,93.32,94.07,31142497
2018-05-07,95.17,95.16,22531325
2018-05-08,95.85,96.22,24242019
2018-05-09,96.01,95.81,23484589
2018-05-10,97.46,96.94,27327410
2018-05-11,97.8,97.91,22388119
2018-05-14,97.92,97.7,16778316
2018-05-15,97.24,98.03,19454124
2018-05-16,97.36,97.32,24594010
2018-05-17,96.76,97.15,17384742
2018-05-18,96.01,96.18,17246716
2018-05-21,97.0,96.36,17865840
2018-05-22,97.68,97.6,19422467
2018-05-23,96.71,97.5,15441189
2018-05-24,98.73,98.66,21251222
2018-05-25,98.3,98.31,26649287
2018-05-29,97.84,98.36,18363918
2018-05-30,98.31,98.01,28670981
2018-05-31,99.29,98.95,22158528
2018-06-01,99.28,98.84,34140891
2018-06-04,101.26,100.79,28655624
2018-06-05,102.0,101.67,27281623
2018-06-06,102.48,102.19,23514402
2018-06-07,102.65,102.49,21122917
2018-06-08,101.09,100.88,28232197
2018-06-11,101.37,101.63,22165128
2018-06-12,101.1,101.05,23490894
2018-06-13,101.72,101.31,18325228
2018-06-14,101.65,100.85,29492875
2018-06-15,101.51,101.42,25691811
2018-06-18,100.01,100.13,65738585
2018-06-19,99.65,100.86,23586037
2018-06-20,101.37,100.86,28653087
2018-06-21,102.08,101.87,26180792
2018-06-22,100.41,101.14,23198188
2018-06-25,100.0,100.41,38923105
2018-06-26,98.82,98.39,35433333
2018-06-27,99.58,99.08,26897244
2018-06-28,97.38,97.54,31298386
2018-06-29,98.93,98.63,26650671
2018-07-02,98.1,98.61,28053214
2018-07-03,100.48,100.01,19564521
2018-07-05,99.5,99.05,14670275
2018-07-06,99.89,99.76,18977402
2018-07-09,101.65,101.16,19234627
2018-07-10,102.0,101.85,18211980
2018-07-11,101.15,102.12,19293140
2018-07-12,102.77,101.98,19644648
2018-07-13,104.37,104.19,24335929
2018-07-16,105.4,105.43,24653500
2018-07-17,104.61,104.91,21786912
2018-07-18,105.94,105.95,25901726
2018-07-19,104.93,105.12,29493927
2018-07-20,108.08,104.4,40171646
2018-07-23,106.3,106.27,56038827
2018-07-24,108.57,107.97,29706955
2018-07-25,107.96,107.66,26316619
2018-07-26,110.74,110.83,30798058
2018-07-27,110.18,109.62,31372110
2018-07-30,107.19,107.68,37005292
2018-07-31,106.49,105.37,34668327
2018-08-01,106.03,106.08,27655152
2018-08-02,105.4,106.28,23628699
2018-08-03,107.8,107.57,26104258
2018-08-06,108.12,108.04,18659599
2018-08-07,108.56,108.13,20265947
2018-08-08,109.33,108.88,16080214
2018-08-09,109.71,109.49,15487502
2018-08-10,109.42,109.67,13677211
2018-08-13,109.24,109.0,18183724
2018-08-14,108.56,108.21,18474884
2018-08-15,108.49,109.56,16788314
2018-08-16,108.3,107.66,29982806
2018-08-17,107.36,107.64,21384289
2018-08-20,107.51,107.58,18061512
2018-08-21,106.92,106.87,17914201
2018-08-22,105.85,105.98,22881861
2018-08-23,107.15,107.06,18000639
2018-08-24,107.67,107.56,18167723
2018-08-27,109.27,108.4,17234020
2018-08-28,109.94,109.6,19662331
2018-08-29,110.45,110.26,19151528
2018-08-30,111.67,112.02,20818044
2018-08-31,111.69,111.95,22798702
2018-09-04,110.85,112.33,23222713
2018-09-05,111.01,111.71,22634641
2018-09-06,108.25,108.49,32872352
2018-09-07,108.23,108.74,23477624
2018-09-10,108.84,108.21,22498646
2018-09-11,108.9,109.38,20727906
2018-09-12,111.43,111.24,24301774
2018-09-13,112.12,111.71,18891064
2018-09-14,113.36,112.91,26055620
2018-09-17,113.69,113.37,19122349
2018-09-18,112.19,112.14,20736516
2018-09-19,113.05,113.21,22170934
2018-09-20,112.28,111.7,21728429
2018-09-21,114.0,113.57,23714512
2018-09-24,113.03,114.26,71229698
2018-09-25,114.8,114.67,27334460
2018-09-26,114.47,114.45,22668014
2018-09-27,114.78,113.98,19352025
2018-09-28,114.19,114.41,19091299
2018-10-01,114.75,114.37,21647811
2018-10-02,115.3,115.61,18883079
2018-10-03,115.42,115.15,20787239
2018-10-04,114.61,115.17,16648018
2018-10-05,112.63,112.79,34821717
2018-10-08,111.66,112.13,29068859
2018-10-09,111.14,110.85,29640588
2018-10-10,111.24,112.26,26198594
2018-10-11,105.35,106.16,61376315
2018-10-12,109.01,105.91,63904282
2018-10-15,108.91,109.57,47742109
2018-10-16,109.54,107.6,32068103
2018-10-17,111.68,111.0,31610164
2018-10-18,110.1,110.71,26548243
2018-10-19,108.93,108.5,32506192
2018-10-22,109.32,108.66,32785475
2018-10-23,107.77,109.63,26545607
2018-10-24,108.41,108.1,43770429
2018-10-25,106.55,102.32,63897759
2018-10-26,105.69,108.3,61646819
2018-10-29,108.11,106.96,55523104
2018-10-30,103.66,103.85,55162001
2018-10-31,105.44,103.73,65350878
2018-11-01,107.05,106.81,51062383
2018-11-02,106.48,105.92,33384201
2018-11-05,106.37,106.16,37680194
2018-11-06,107.38,107.51,27922144
2018-11-07,109.44,107.72,24340248
2018-11-08,111.8,111.96,37901704
2018-11-09,110.85,111.75,25644105
2018-11-12,109.42,109.57,32039223
2018-11-13,107.55,106.87,33621807
2018-11-14,108.1,106.94,35374583
2018-11-15,104.99,104.97,39495141
2018-11-16,107.08,107.28,38505165
2018-11-19,108.27,108.29,33502121
2018-11-20,101.8,104.62,44773899
2018-11-21,103.6,101.71,64052457
2018-11-23,102.17,103.11,28130621
2018-11-26,104.79,103.07,13823099
2018-11-27,106.27,106.47,32336165
2018-11-28,107.89,107.14,29124486
2018-11-29,110.33,111.12,46788461
2018-11-30,110.7,110.19,28123195
2018-12-03,113.0,110.89,33665624
2018-12-04,111.94,112.09,34732772
2018-12-06,105.82,108.52,45196984
2018-12-07,108.38,109.19,49107431
2018-12-10,104.8,104.82,45044937
2018-12-11,109.8,107.59,40801525
2018-12-12,110.89,108.59,42381947
2018-12-13,109.58,109.08,36183020
2018-12-14,108.25,109.45,31333362
2018-12-17,105.41,106.03,47043136
2018-12-18,103.75,102.89,56957314
2018-12-19,103.65,103.97,49319196
2018-12-20,103.05,103.69,68198186
2018-12-21,101.63,101.51,70334184
2018-12-24,97.68,98.23,111242070
2018-12-26,95.14,94.13,43935192
2018-12-27,99.3,100.56,51634793
2018-12-28,102.09,101.18,49498509
2018-12-31,101.29,100.39,38169312
2019-01-02,99.55,101.57,33173765
2019-01-03,100.1,101.12,35329345
2019-01-04,99.72,97.4,42578410
2019-01-07,101.64,101.93,44060620
2019-01-08,103.04,102.06,35656136
2019-01-09,103.86,102.8,31514415
2019-01-10,103.22,104.27,32280840
2019-01-11,103.19,103.6,30067556
2019-01-14,101.9,102.8,28314202
2019-01-15,102.51,102.05,28437079
2019-01-16,105.26,105.01,31587616
2019-01-17,105.0,105.38,29853865
2019-01-18,107.46,106.12,28393015
2019-01-22,106.75,107.71,37427587
2019-01-23,106.12,105.68,32371253
2019-01-24,106.86,106.71,25874294
2019-01-25,107.24,106.2,23164838
2019-01-28,106.26,107.17,31218193
2019-01-29,104.88,105.08,29476719
2019-01-30,104.62,102.94,31490547
2019-01-31,103.8,106.38,49471866
2019-02-01,103.78,104.43,55636391
2019-02-04,102.87,102.78,35535690
2019-02-05,106.06,105.74,31315282
2019-02-06,107.0,107.22,27325365
2019-02-07,105.19,106.03,20609759
2019-02-08,104.39,105.27,29760697
2019-02-11,106.2,105.67,21461093
2019-02-12,106.14,105.25,18914123
2019-02-13,107.5,106.89,25056595
2019-02-14,106.31,106.81,18394869
2019-02-15,107.91,106.9,21784703
2019-02-19,107.79,108.22,26606886
2019-02-20,107.86,108.17,18038460
2019-02-21,106.9,107.15,21607671
2019-02-22,110.05,109.41,29063231
2019-02-25,111.76,110.97,27763218
2019-02-26,111.26,111.59,23750599
2019-02-27,111.69,112.36,21536733
2019-02-28,112.04,112.17,21487062
2019-03-01,112.89,112.03,29083934
2019-03-04,113.02,112.53,23501169
2019-03-05,112.25,112.26,26608014
2019-03-06,111.87,111.7,19538318
2019-03-07,111.4,111.75,17686996
2019-03-08,109.16,110.39,25338954
2019-03-11,110.99,110.51,22818430
2019-03-12,112.82,112.83,26491618
2019-03-13,114.13,113.62,26132717
2019-03-14,114.54,114.5,35513771
2019-03-15,115.34,114.59,30763367
2019-03-18,116.17,115.91,54630661
2019-03-19,118.09,117.57,31207596
2019-03-20,117.39,117.65,37588697
2019-03-21,117.14,117.52,28113343
2019-03-22,119.5,120.22,29854446
2019-03-25,116.56,117.05,33624528
2019-03-26,118.62,117.66,27067117
2019-03-27,117.88,117.91,26097665
2019-03-28,117.44,116.77,22733427
2019-03-29,118.07,116.93,18334755
2019-04-01,118.95,117.94,25399752
2019-04-02,119.06,119.02,22789103
2019-04-03,119.86,119.19,18142297
2019-04-04,120.1,119.97,22860744
2019-04-05,119.39,119.36,20112848
2019-04-08,119.81,119.89,15826245
2019-04-09,118.63,119.93,15116186
2019-04-10,119.76,119.28,17611981
2019-04-11,120.54,120.19,16477169
2019-04-12,120.64,120.33,14209121
2019-04-15,120.94,120.95,19745143
2019-04-16,121.64,121.05,15792572
2019-04-17,121.24,120.77,14071787
2019-04-18,122.19,121.77,19300938
2019-04-22,122.62,123.37,27990998
2019-04-23,124.1,123.76,15648724
2019-04-24,125.79,125.44,24025521
2019-04-25,130.06,125.01,31256980
2019-04-26,129.7,129.15,38033892
2019-04-29,129.9,129.89,23654933
2019-04-30,129.81,129.77,16324183
2019-05-01,130.53,130.6,24166503
2019-05-02,127.98,127.88,26821692
2019-05-03,127.36,126.21,27350161
2019-05-06,126.39,128.9,24911126
2019-05-07,126.46,128.15,24239464
2019-05-08,125.44,125.52,36017661
2019-05-09,124.29,125.51,28418996
2019-05-10,124.91,125.5,27235835
2019-05-13,124.11,127.13,30915084
2019-05-14,123.87,123.35,33944923
2019-05-15,124.26,124.73,25266315
2019-05-16,126.75,126.02,24722708
2019-05-17,128.31,128.93,30112216
2019-05-20,126.52,128.07,25770539
2019-05-21,127.43,126.22,23706934
2019-05-22,126.62,126.9,15293260
2019-05-23,126.2,127.67,15396485
2019-05-24,126.91,126.18,23603810
2019-05-28,126.98,126.24,14123358
2019-05-29,125.38,126.16,23128359
2019-05-30,125.26,124.94,22763140
2019-05-31,124.23,125.73,16829613
2019-06-03,123.85,123.68,26646769
2019-06-04,121.28,119.84,37983637
2019-06-05,124.95,123.16,29382642
2019-06-06,126.44,125.83,24926140
2019-06-07,129.19,127.82,21458961
2019-06-10,132.4,131.4,33885588
2019-06-11,133.88,132.6,26477098
2019-06-12,131.4,132.1,23913731
2019-06-13,131.98,131.49,17092464
2019-06-14,132.26,132.32,17200848
2019-06-17,132.63,132.45,17821703
2019-06-18,134.19,132.85,14517785
2019-06-19,135.0,135.16,25934458
2019-06-20,137.45,135.69,23744441
2019-06-21,136.58,136.95,33042592
2019-06-24,137.0,136.97,36727892
2019-06-25,137.25,137.78,20628841
2019-06-26,134.35,133.43,33327420
2019-06-27,134.14,133.93,23657745
2019-06-28,134.57,134.15,16557482
2019-07-01,136.63,133.96,30042969
2019-07-02,136.12,135.68,22654160
2019-07-03,136.8,136.58,15237843
2019-07-05,135.94,137.46,13629296
2019-07-08,136.4,137.06,18141140
2019-07-09,136.0,136.96,16779748
2019-07-10,137.13,136.46,19953097
2019-07-11,138.2,137.85,24204362
2019-07-12,138.85,138.4,22327942
2019-07-15,139.44,138.9,18936832
2019-07-16,138.96,138.9,16651457
2019-07-17,137.7,137.08,22726128
2019-07-18,135.55,136.27,20210956
2019-07-19,140.22,136.42,30808707
2019-07-22,137.41,136.62,48992364
2019-07-23,139.76,138.43,25080760
2019-07-24,138.9,139.29,18034589
2019-07-25,140.43,140.72,20738275
2019-07-26,140.37,140.19,18356883
2019-07-29,141.5,141.34,19037600
2019-07-30,140.14,141.03,16605870
2019-07-31,140.33,140.35,16846528
2019-08-01,137.0,136.27,38598786
2019-08-02,138.09,138.06,40557502
2019-08-05,133.3,136.9,30791624
2019-08-06,133.8,132.21,42749551
2019-08-07,133.79,134.69,32696651
2019-08-08,136.6,135.28,33414539
2019-08-09,138.61,138.89,27496508
2019-08-12,137.07,137.71,23466701
2019-08-13,136.05,135.79,20484348
2019-08-14,136.36,138.6,25496593
2019-08-15,134.39,133.98,32527251
2019-08-16,134.88,133.68,28125416
2019-08-19,137.85,136.13,25026151
2019-08-20,138.21,138.41,24370543
2019-08-21,138.55,137.26,21188998
2019-08-22,138.66,138.79,14982314
2019-08-23,137.19,137.78,18709662
2019-08-26,134.99,133.39,38515386
2019-08-27,136.39,135.45,20325271
2019-08-28,134.88,135.74,23115635
2019-08-29,137.25,135.56,17410828
2019-08-30,139.15,138.12,20179716
2019-09-03,136.61,137.86,23946123
2019-09-04,137.3,136.04,18880773
2019-09-05,139.11,137.63,18015310
2019-09-06,140.03,140.05,26119520
2019-09-09,139.59,139.1,20824504
2019-09-10,136.8,137.52,25773932
2019-09-11,135.91,136.08,28903378
2019-09-12,137.85,136.12,24726117
2019-09-13,137.78,137.52,27009981
2019-09-16,135.83,137.32,23363057
2019-09-17,136.96,136.33,16731440
2019-09-18,137.36,137.39,17976285
2019-09-19,140.3,138.52,24473386
2019-09-20,141.01,141.07,36095413
2019-09-23,139.23,139.44,40040766
2019-09-24,140.36,139.14,17408374
2019-09-25,137.5,137.38,30016670
2019-09-26,139.44,139.36,22544054
2019-09-27,140.15,139.54,17813512
2019-09-30,138.05,137.73,22498958
2019-10-01,139.66,139.03,18430390
2019-10-02,136.25,137.07,22581929
2019-10-03,134.95,134.65,32001763
2019-10-04,136.75,136.28,26379798
2019-10-07,137.14,138.12,23839548
2019-10-08,137.08,137.12,16601284
2019-10-09,137.46,135.67,26783336
2019-10-10,138.49,138.24,20178482
2019-10-11,140.12,139.1,18396605
2019-10-14,139.69,139.68,25551065
2019-10-15,140.06,139.55,13591639
2019-10-16,140.79,141.57,19917762
2019-10-17,140.95,140.41,20841687
2019-10-18,139.76,139.69,22102797
2019-10-21,138.45,137.41,32284428
2019-10-22,138.97,138.43,20716039
2019-10-23,136.88,136.37,27935270
2019-10-24,139.39,137.24,31380309
2019-10-25,139.34,139.94,37278399
2019-10-28,144.4,140.73,25959724
2019-10-29,144.08,144.19,35280137
2019-10-30,143.52,142.83,20589469
2019-10-31,144.9,144.61,18496591
2019-11-01,144.26,143.37,24605135
2019-11-04,144.83,143.72,33128366
2019-11-05,144.97,144.55,16911999
2019-11-06,144.37,144.46,18250172
2019-11-07,143.84,144.06,16575798
2019-11-08,143.98,144.26,17786715
2019-11-11,145.34,145.96,16752939
2019-11-12,146.28,146.11,14370178
2019-11-13,146.74,147.07,18648712
2019-11-14,147.02,147.31,17444230
2019-11-15,148.93,148.06,19755100
2019-11-18,150.07,149.97,23508807
2019-11-19,150.88,150.34,21554762
2019-11-20,150.31,150.39,23960164
2019-11-21,149.4,149.62,25720060
2019-11-22,150.07,149.48,18576083
2019-11-25,150.0,149.59,15841680
2019-11-26,151.36,151.23,22428585
2019-11-27,152.33,152.03,24635100
2019-11-29,152.1,152.32,15201293
2019-12-02,151.81,151.38,11977300
2019-12-03,147.49,149.55,27473616
2019-12-04,150.14,149.31,25192145
2019-12-05,150.05,149.85,17580617
2019-12-06,150.99,149.93,17880601
2019-12-09,150.99,151.75,16410400
2019-12-10,151.29,151.75,101612
2019-12-11,151.54,151.13,16481060
2019-12-12,151.65,151.7,18860001
2019-12-13,153.0,153.24,24645366
2019-12-16,155.11,154.53,23850062
2019-12-17,155.45,155.53,24152770
2019-12-18,154.3,154.69,25443527
2019-12-19,154.0,154.37,24130046
2019-12-20,157.35,155.71,25813825
2019-12-23,158.12,157.41,53599613
2019-12-24,157.48,157.41,17726283
2019-12-26,157.56,157.38,8989150
2019-12-27,159.45,158.67,14526927
2019-12-30,158.99,158.96,18414352
2019-12-31,156.77,157.59,16356720
2020-01-02,158.78,157.7,18393383
2020-01-03,158.32,160.62,22634546
2020-01-06,157.08,158.62,21121681
2020-01-07,159.32,159.03,20826702
2020-01-08,158.93,157.58,21881740
2020-01-09,161.84,160.09,27762026
2020-01-10,162.82,162.09,21399951
2020-01-13,161.76,161.34,20733946
2020-01-14,163.39,163.28,21637007
2020-01-15,162.62,162.13,23500783
2020-01-16,164.35,163.18,21417871
2020-01-17,167.42,166.17,23865360
2020-01-21,166.68,167.1,34371659
2020-01-22,167.4,166.5,29517191
2020-01-23,166.19,165.7,24138777
2020-01-24,167.51,166.72,19680766
2020-01-27,161.15,165.04,24918117
2020-01-28,163.78,162.28,32078067
2020-01-29,167.84,165.46,24899940
2020-01-30,174.05,168.04,35127771
2020-01-31,172.21,172.78,51597470
2020-02-03,170.43,170.23,36142690
2020-02-04,177.14,174.38,30149052
2020-02-05,184.03,180.12,36433339
2020-02-06,180.97,179.9,39186324
2020-02-07,182.85,183.63,27751381
2020-02-10,183.58,183.89,33529074
2020-02-11,190.65,188.7,35844267
2020-02-12,185.58,184.44,53159906
2020-02-13,183.08,184.71,47062921
2020-02-14,183.25,183.71,35295834
2020-02-18,185.61,185.35,23149516
2020-02-19,188.06,187.23,27853113
2020-02-20,186.95,187.28,29997471
2020-02-21,183.17,184.42,36862376
2020-02-24,167.77,178.59,48600385
2020-02-25,174.2,170.89,68311066
2020-02-26,169.71,168.07,68073295
2020-02-27,163.32,170.17,56387148
2020-02-28,152.41,158.18,93174906
2020-03-02,165.31,162.01,97073557
2020-03-03,173.8,172.79,71030810
2020-03-04,168.49,164.51,71677019
2020-03-05,166.05,170.55,49814383
2020-03-06,162.61,166.27,47817251
2020-03-09,151.0,161.57,72821057
2020-03-10,158.16,150.62,70419274
2020-03-11,157.13,160.92,65354385
2020-03-12,145.3,153.63,56504304
2020-03-13,147.5,139.06,93226366
2020-03-16,140.0,158.83,92727446
2020-03-17,140.0,135.42,87905868
2020-03-18,138.0,146.57,81059817
2020-03-19,142.77,140.4,81593173
2020-03-20,146.0,142.71,85922661
2020-03-23,137.01,137.35,84866215
2020-03-24,143.75,135.98,78975176
2020-03-25,148.91,148.34,82516727
2020-03-26,148.4,146.92,75638224
2020-03-27,151.75,156.11,64694427
2020-03-30,152.44,149.7,57042291
2020-03-31,159.4,160.23,63420326
2020-04-01,153.0,157.71,77927186
2020-04-02,151.86,152.11,57969926
2020-04-03,155.1,155.26,49630735
2020-04-06,160.32,153.83,41243284
2020-04-07,169.59,165.27,67111697
2020-04-08,165.67,163.49,62769038
2020-04-09,166.36,165.13,48318234
2020-04-13,164.35,165.14,51431775
2020-04-14,169.0,165.51,41905264
2020-04-15,171.2,173.7,52874338
2020-04-16,174.3,171.88,40940833
2020-04-17,179.5,177.04,50479610
2020-04-20,176.63,178.6,52765625
2020-04-21,173.5,175.06,36669595
2020-04-22,171.39,167.82,56203749
2020-04-23,174.11,173.52,34651604
2020-04-24,172.06,171.42,32790804
2020-04-27,176.59,174.55,34305320
2020-04-28,175.59,174.05,33194384
2020-04-29,173.22,169.81,34392694
2020-04-30,180.0,177.43,51286559
2020-05-01,175.8,179.21,53875857
2020-05-04,174.49,174.57,39370474
2020-05-05,180.62,178.84,30372862
2020-05-06,182.08,180.76,36839168
2020-05-07,184.17,182.54,32139299
2020-05-08,184.98,183.6,28315992
2020-05-11,183.15,184.68,30912638
2020-05-12,186.8,186.74,30892660
2020-05-13,182.55,182.51,32038199
2020-05-14,177.54,179.75,44711488
2020-05-15,179.06,180.53,41873911
2020-05-18,185.75,183.16,46610382
2020-05-19,185.03,184.91,35306620
2020-05-20,184.81,183.63,26799116
2020-05-21,185.4,185.66,31261334
2020-05-22,183.19,183.43,29119513
2020-05-26,186.34,183.51,20826898
2020-05-27,180.2,181.57,36073609
2020-05-28,180.74,181.81,39517146
2020-05-29,182.73,181.4,33831824
2020-06-01,182.54,183.25,42146720
2020-06-02,184.25,182.83,22668821
2020-06-03,184.82,184.91,30794585
2020-06-04,184.3,185.36,27311016
2020-06-05,182.62,182.92,28761809
2020-06-08,185.94,187.2,39893643
2020-06-09,188.0,188.36,33211590
2020-06-10,191.13,189.8,29783916
2020-06-11,193.13,196.84,43872329
2020-06-12,190.54,186.27,52854672
2020-06-15,184.58,187.74,43373587
2020-06-16,192.89,188.94,32770189
2020-06-17,195.03,193.57,42556656
2020-06-18,194.0,194.24,25687822
2020-06-19,198.59,196.32,23061648
2020-06-22,195.79,195.15,44441141
2020-06-23,202.09,200.57,32818929
2020-06-24,201.6,201.91,30917447
2020-06-25,197.8,197.84,36740647
2020-06-26,199.73,200.34,27803933
2020-06-29,195.78,196.33,54675780
2020-06-30,197.88,198.44,26701586
2020-07-01,203.14,203.51,34310283
2020-07-02,205.68,204.7,32061206
2020-07-06,208.83,206.26,29315762
2020-07-07,210.45,210.7,31897629
2020-07-08,210.07,208.25,33600732
2020-07-09,216.33,212.83,33600025
2020-07-10,213.62,214.32,33121681
2020-07-13,214.48,213.67,26177633
2020-07-14,206.13,207.07,38135606
2020-07-15,209.56,208.35,37591820
2020-07-16,205.4,208.04,32179409
2020-07-17,204.47,203.92,29940653
2020-07-20,205.0,202.88,31635281
2020-07-21,213.66,211.6,36884836
2020-07-22,209.2,208.75,38105777
2020-07-23,207.19,211.75,49605692
2020-07-24,200.42,202.54,67457035
2020-07-27,201.47,201.3,39826989
2020-07-28,203.61,203.85,30160867
2020-07-29,202.5,202.02,23251388
2020-07-30,201.0,204.06,19632602
2020-07-31,204.4,203.9,25079596
2020-08-03,211.52,205.01,51247969
2020-08-04,214.17,216.54,78983009
2020-08-05,214.9,213.29,49280056
2020-08-06,212.34,212.94,28858621
2020-08-07,214.85,216.35,32656843
2020-08-10,211.67,212.48,27820421
2020-08-11,207.16,208.25,36716462
2020-08-12,205.29,203.38,36446459
2020-08-13,209.44,209.19,28041364
2020-08-14,208.76,208.7,22588870
2020-08-17,209.6,208.9,17958936
2020-08-18,210.53,210.28,20184757
2020-08-19,211.49,211.49,21336167
2020-08-20,209.54,209.7,27627561
2020-08-21,213.86,214.58,26981478
2020-08-24,214.79,213.02,36249319
2020-08-25,213.1,213.69,25460147
2020-08-26,217.88,216.47,23043696
2020-08-27,222.89,221.15,39600828
2020-08-28,228.18,226.58,57602195
2020-08-31,227.0,228.91,26292896
2020-09-01,225.51,225.53,28774156
2020-09-02,227.97,227.27,25791235
2020-09-03,229.27,231.65,34080839
2020-09-04,215.1,217.3,58400288
2020-09-08,206.5,214.25,59664072
2020-09-09,207.6,202.66,52924330
2020-09-10,213.4,211.29,45678986
2020-09-11,207.2,205.37,35461514
2020-09-14,204.24,204.03,33620073
2020-09-15,208.42,205.41,30375768
2020-09-16,210.62,208.78,21823942
2020-09-17,200.05,205.05,26372464
2020-09-18,202.8,202.91,34011257
2020-09-21,197.19,200.39,55225326
2020-09-22,205.06,202.54,39839657
2020-09-23,207.9,207.42,33517065
2020-09-24,199.85,200.59,30803780
2020-09-25,203.55,203.19,31202493
2020-09-28,210.88,207.82,29437312
2020-09-29,209.35,209.44,32004936
2020-09-30,207.73,207.26,24464472
2020-10-01,213.49,210.33,33829088
2020-10-02,208.0,212.46,27158418
2020-10-05,207.22,206.19,33154781
2020-10-06,208.82,210.38,21331561
2020-10-07,207.06,205.91,28554261
2020-10-08,210.51,209.83,25681054
2020-10-09,211.23,210.58,19925837
2020-10-12,218.79,215.81,26458047
2020-10-13,222.72,221.4,40461368
2020-10-14,223.0,222.86,28950843
2020-10-15,217.1,220.86,23451713
2020-10-16,220.15,219.66,22733064
2020-10-19,220.42,219.66,26057882
2020-10-20,215.8,214.22,27625841
2020-10-21,213.12,214.65,22753511
2020-10-22,213.93,214.8,22724906
2020-10-23,215.03,214.89,22351450
2020-10-26,213.85,216.23,18879608
2020-10-27,211.59,210.08,37111561
2020-10-28,207.67,213.25,36700325
2020-10-29,204.07,202.68,51195593
2020-10-30,203.5,204.72,31432563
2020-11-02,204.29,202.47,36980111
2020-11-03,203.89,202.33,30842163
2020-11-04,214.02,206.43,27512030
2020-11-05,222.04,216.39,42311777
2020-11-06,222.26,223.29,36080137
2020-11-09,224.44,223.72,25231895
2020-11-10,214.5,218.39,44394950
2020-11-11,212.39,211.01,44045120
2020-11-12,217.21,216.55,29440788
2020-11-13,216.36,215.44,21616115
2020-11-16,214.87,216.51,18630307
2020-11-17,216.1,217.23,24953344
2020-11-18,213.65,214.46,24154112
2020-11-19,211.38,211.08,28372789
2020-11-20,212.2,212.42,24792746
2020-11-23,210.95,210.39,22843119
2020-11-24,209.59,210.11,25683507
2020-11-25,215.11,213.86,33979731
2020-11-27,214.85,213.87,21012887
2020-11-30,214.1,215.23,14512213
2020-12-01,214.51,214.07,33064753
2020-12-02,214.88,216.21,30931318
2020-12-03,214.61,215.37,23724509
2020-12-04,214.22,214.24,25120922
2020-12-07,214.37,214.36,24666039
2020-12-08,213.97,214.29,24619997
2020-12-09,215.16,216.01,23284094
2020-12-10,211.77,211.8,32440603
2020-12-11,210.05,210.52,26467017
2020-12-14,213.1,213.26,30979440
2020-12-15,215.17,214.2,28798379
2020-12-16,214.75,214.13,27018106
2020-12-17,219.87,219.28,35023253
2020-12-18,218.59,219.42,32515784
2020-12-21,217.55,218.59,63354922
2020-12-22,222.69,222.59,37181886
2020-12-23,223.11,223.94,22643397
2020-12-24,221.42,221.02,18699638
2020-12-28,224.45,222.75,10550572
2020-12-29,226.31,224.96,17933496
2020-12-30,225.23,224.15,17403213
2020-12-31,221.7,221.68,20272337
2021-01-04,222.53,222.42,20942132
2021-01-05,217.26,217.69,37130139
2021-01-06,212.17,217.9,23822953
2021-01-07,214.04,212.25,35930653
2021-01-08,218.68,218.29,27694480
2021-01-11,218.47,219.62,22956206
2021-01-12,216.5,217.49,23047029
2021-01-13,214.02,214.93,23249336
2021-01-14,215.91,216.34,20087080
2021-01-15,213.52,213.02,29346737
2021-01-19,213.75,212.65,31746512
2021-01-20,217.7,216.44,30480859
2021-01-21,224.7,224.34,37777260
2021-01-22,227.08,224.97,30749553
2021-01-25,229.12,225.95,30172663
2021-01-26,231.86,229.53,33152095
2021-01-27,238.0,232.33,49169601
2021-01-28,235.61,232.9,69870638
2021-01-29,235.99,238.93,49111159
2021-02-01,235.06,231.96,42503138
2021-02-02,241.3,239.65,33314193
2021-02-03,239.57,239.51,25916337
2021-02-04,242.66,243.0,27158104
2021-02-05,242.23,242.01,25296100
2021-02-08,243.15,242.2,18054752
2021-02-09,241.87,242.47,22211929
2021-02-10,245.0,243.77,23564953
2021-02-11,244.78,242.82,22186706
2021-02-12,243.93,244.49,15751059
2021-02-16,245.03,244.99,16561079
2021-02-17,241.32,243.7,26728490
2021-02-18,241.8,244.2,21673109
2021-02-19,243.75,243.79,16925563
2021-02-22,237.42,240.97,25262600
2021-02-23,230.33,234.51,36446936
2021-02-24,230.01,233.27,30228704
2021-02-25,232.08,234.55,26339746
2021-02-26,231.53,228.99,39542235
2021-03-01,235.9,232.38,37819227
2021-03-02,237.01,236.94,25332837
2021-03-03,232.16,233.87,22812459
2021-03-04,226.74,227.56,34029526
2021-03-05,229.52,226.73,44727785
2021-03-08,231.37,231.6,41872770
2021-03-09,232.88,227.39,35267440
2021-03-10,237.0,233.78,33080531
2021-03-11,234.96,232.42,29746812
2021-03-12,234.01,237.13,29907586
2021-03-15,234.96,235.75,22653662
2021-03-16,236.28,234.81,26042669
2021-03-17,236.15,237.71,28092196
2021-03-18,232.56,237.04,29562100
2021-03-19,231.02,230.72,34852251
2021-03-22,230.27,230.35,46430730
2021-03-23,237.49,235.99,30127005
2021-03-24,237.85,237.58,31638376
2021-03-25,235.3,235.46,25620127
2021-03-26,231.55,232.34,34061853
2021-03-29,236.59,236.48,25479853
2021-03-30,233.53,235.24,25227455
2021-03-31,232.91,231.85,24792012
