Date,Profit,order_quantity,transaction_count
2011-01-01,3225,8,5
2011-01-02,2925,9,4
2011-01-03,12174,17,8
2011-01-04,6240,10,5
2011-01-05,1644,5,3
2011-01-06,6939,11,6
2011-01-07,1942,5,4
2011-01-08,8916,18,8
2011-01-09,7288,9,5
2011-01-10,5930,9,4
2011-01-11,9689,16,9
2011-01-12,7801,10,7
2011-01-13,2786,4,3
2011-01-14,7533,21,9
2011-01-15,12557,13,7
2011-01-16,3364,7,7
2011-01-17,18506,21,8
2011-01-18,2961,11,6
2011-01-19,4605,11,6
2011-01-20,3329,9,6
2011-01-21,10195,11,7
2011-01-22,9486,16,9
2011-01-23,4082,8,3
2011-01-24,10469,20,8
2011-01-25,2855,5,4
2011-01-26,7703,12,5
2011-01-27,5851,12,5
2011-01-28,7575,14,6
2011-01-29,4997,9,4
2011-01-30,7535,14,10
2011-01-31,11747,17,7
2011-02-01,6522,11,6
2011-02-02,3894,11,6
2011-02-03,9701,14,7
2011-02-04,5733,14,7
2011-02-05,10852,15,6
2011-02-06,10920,15,10
2011-02-07,5101,13,6
2011-02-08,6858,10,4
2011-02-09,4063,8,3
2011-02-10,13114,21,10
2011-02-11,19735,30,12
2011-02-12,4827,5,3
2011-02-13,13704,16,7
2011-02-14,10966,18,8
2011-02-15,4102,11,6
2011-02-16,4689,8,3
2011-02-17,5998,7,4
2011-02-18,1555,3,2
2011-02-19,3504,10,6
2011-02-20,4324,6,5
2011-02-21,570,1,1
2011-02-22,12253,22,10
2011-02-23,6052,17,5
2011-02-24,7798,15,9
2011-02-25,3352,7,5
2011-02-26,10928,21,12
2011-02-27,8470,10,3
2011-02-28,7559,8,5
2011-03-01,3532,7,6
2011-03-02,6795,15,7
2011-03-03,8532,19,9
2011-03-04,6729,15,8
2011-03-05,693,3,3
2011-03-06,5928,22,9
2011-03-07,10409,18,9
2011-03-08,5383,9,4
2011-03-09,9301,13,6
2011-03-10,3127,3,2
2011-03-11,8189,12,6
2011-03-12,3187,10,5
2011-03-13,10469,20,10
2011-03-14,5527,9,4
2011-03-15,12145,20,10
2011-03-16,7809,9,5
2011-03-17,8260,18,9
2011-03-18,10484,21,8
2011-03-19,1880,5,4
2011-03-20,13880,24,9
2011-03-21,3862,12,4
2011-03-22,6668,12,6
2011-03-23,3735,8,5
2011-03-24,19858,26,12
2011-03-25,4480,9,5
2011-03-26,14000,15,9
2011-03-27,6176,6,3
2011-03-28,7459,13,8
2011-03-29,9656,10,6
2011-03-30,2162,5,4
2011-03-31,6089,9,4
2011-04-01,4244,13,5
2011-04-02,2233,5,3
2011-04-03,6169,22,9
2011-04-04,6800,12,7
2011-04-05,5224,11,5
2011-04-06,3990,8,5
2011-04-07,9373,14,9
2011-04-08,2435,5,3
2011-04-09,6535,8,5
2011-04-10,7182,10,5
2011-04-11,5558,10,6
2011-04-12,11082,19,12
2011-04-13,3141,6,4
2011-04-14,9826,9,3
2011-04-15,11002,27,13
2011-04-16,13677,17,7
2011-04-17,15368,20,9
2011-04-18,2863,11,7
2011-04-19,5880,7,4
2011-04-20,9056,20,11
2011-04-21,6757,13,5
2011-04-22,3272,10,4
2011-04-23,9303,21,10
2011-04-24,1694,7,4
2011-04-25,8020,11,8
2011-04-26,6603,9,4
2011-04-27,9228,13,9
2011-04-28,4107,12,7
2011-04-29,14706,25,11
2011-04-30,18273,28,13
2011-05-01,12846,22,12
2011-05-02,5155,8,5
2011-05-03,4378,9,5
2011-05-04,13897,25,11
2011-05-05,5809,7,5
2011-05-06,9165,19,9
2011-05-07,9482,13,5
2011-05-08,10120,17,10
2011-05-09,4220,12,6
2011-05-10,3059,6,3
2011-05-11,6864,9,4
2011-05-12,14367,25,9
2011-05-13,12348,23,13
2011-05-14,7954,12,6
2011-05-15,9017,14,7
2011-05-16,15762,25,11
2011-05-17,11735,21,9
2011-05-18,3985,13,8
2011-05-19,6466,9,6
2011-05-20,4460,11,6
2011-05-21,6938,11,6
2011-05-22,3532,10,6
2011-05-23,8536,12,7
2011-05-24,11011,18,9
2011-05-25,8190,17,9
2011-05-26,5420,12,6
2011-05-27,6508,13,5
2011-05-28,3293,6,5
2011-05-29,1264,1,1
2011-05-30,6560,13,7
2011-05-31,2348,5,3
2011-06-01,2507,7,4
2011-06-02,8204,22,12
2011-06-03,2001,6,3
2011-06-04,12223,18,7
2011-06-05,9679,13,6
2011-06-06,12204,14,7
2011-06-07,11441,20,8
2011-06-08,7034,15,8
2011-06-09,1776,6,5
2011-06-10,5137,15,8
2011-06-11,3941,13,5
2011-06-12,10006,18,12
2011-06-13,2791,7,4
2011-06-14,7181,8,4
2011-06-15,5164,10,6
2011-06-16,1285,2,2
2011-06-17,4623,12,6
2011-06-18,9264,22,11
2011-06-19,17013,25,13
2011-06-20,6465,10,7
2011-06-21,5802,16,9
2011-06-22,7349,11,5
2011-06-23,13483,26,15
2011-06-24,11765,18,7
2011-06-25,3839,9,5
2011-06-26,8398,15,7
2011-06-27,6552,16,9
2011-06-28,2198,12,5
2011-06-29,11058,24,8
2011-06-30,4646,7,6
2011-07-01,8068,21,8
2011-07-02,1042,5,3
2011-07-03,18093,24,13
2011-07-04,4425,11,9
2011-07-05,16549,24,10
2011-07-06,6027,20,11
2011-07-07,7482,16,9
2011-07-08,11764,15,6
2011-07-09,6691,12,5
2011-07-10,9148,17,7
2011-07-11,11964,25,12
2011-07-12,6108,13,8
2011-07-13,16274,25,12
2011-07-14,10392,24,10
2011-07-15,5031,11,4
2011-07-16,4505,12,6
2011-07-17,13552,21,11
2011-07-18,10482,12,7
2011-07-19,5414,15,8
2011-07-20,14165,25,10
2011-07-21,13761,23,10
2011-07-22,9039,16,7
2011-07-23,11707,18,7
2011-07-24,4453,8,6
2011-07-25,8483,16,9
2011-07-26,5540,8,5
2011-07-27,15382,18,10
2011-07-28,2823,6,5
2011-07-29,3601,10,6
2011-07-30,17127,21,10
2011-07-31,9436,13,9
2011-08-01,5011,15,9
2011-08-02,8701,12,8
2011-08-03,2920,9,6
2011-08-04,6860,16,9
2011-08-05,3816,13,7
2011-08-06,13262,29,12
2011-08-07,9962,20,11
2011-08-08,13085,19,8
2011-08-09,6166,11,8
2011-08-10,3463,10,4
2011-08-11,4037,7,5
2011-08-12,9887,18,9
2011-08-13,14787,25,12
2011-08-14,13616,22,10
2011-08-15,7913,15,12
2011-08-16,7783,13,5
2011-08-17,10670,17,10
2011-08-18,7226,19,8
2011-08-19,14453,18,11
2011-08-20,17801,26,12
2011-08-21,8348,19,10
2011-08-22,7679,17,10
2011-08-23,2913,8,5
2011-08-24,9699,22,11
2011-08-25,10998,22,11
2011-08-26,14288,29,13
2011-08-27,19703,23,11
2011-08-28,5953,11,8
2011-08-29,11906,20,6
2011-08-30,5767,19,8
2011-08-31,7158,16,12
2011-09-01,2950,5,2
2011-09-02,12442,17,7
2011-09-03,4681,10,8
2011-09-04,2836,7,6
2011-09-05,2797,6,4
2011-09-06,1894,6,4
2011-09-07,1231,6,2
2011-09-08,13293,20,9
2011-09-09,8397,18,9
2011-09-10,9419,14,9
2011-09-11,12494,23,8
2011-09-12,6447,18,7
2011-09-13,7846,15,11
2011-09-14,12451,20,10
2011-09-15,6189,8,4
2011-09-16,6519,8,5
2011-09-17,4077,7,5
2011-09-18,16281,19,9
2011-09-19,8108,24,9
2011-09-20,6447,15,7
2011-09-21,5189,7,5
2011-09-22,4210,12,5
2011-09-23,6172,9,7
2011-09-24,7511,15,9
2011-09-25,6989,13,6
2011-09-26,12837,26,10
2011-09-27,4729,7,3
2011-09-28,1139,2,2
2011-09-29,7476,12,7
2011-09-30,10505,19,9
2011-10-01,7320,13,8
2011-10-02,10410,14,8
2011-10-03,5569,13,7
2011-10-04,8585,15,7
2011-10-05,3400,6,3
2011-10-06,7691,18,7
2011-10-07,10114,15,7
2011-10-08,7281,20,7
2011-10-09,2685,7,3
2011-10-10,3096,6,4
2011-10-11,4922,15,7
2011-10-12,6440,22,12
2011-10-13,11567,26,13
2011-10-14,3819,12,6
2011-10-15,9521,16,6
2011-10-16,7780,19,9
2011-10-17,7896,12,6
2011-10-18,6456,10,7
2011-10-19,12246,24,12
2011-10-20,10085,14,9
2011-10-21,10031,20,10
2011-10-22,5937,13,7
2011-10-23,4000,7,7
2011-10-24,11091,16,9
2011-10-25,11447,19,7
2011-10-26,4980,12,9
2011-10-27,935,5,3
2011-10-28,3654,15,6
2011-10-29,4850,12,6
2011-10-30,16497,29,12
2011-10-31,2202,7,5
2011-11-01,1760,8,6
2011-11-02,5731,14,4
2011-11-03,11462,13,6
2011-11-04,546,1,1
2011-11-05,3711,9,6
2011-11-06,5315,13,9
2011-11-07,4509,11,5
2011-11-08,3841,11,7
2011-11-09,7861,14,4
2011-11-10,5534,11,7
2011-11-11,11335,26,11
2011-11-12,4831,13,6
2011-11-13,4367,7,4
2011-11-14,5834,10,5
2011-11-15,2010,3,3
2011-11-16,6472,13,8
2011-11-17,5046,8,6
2011-11-18,2450,8,7
2011-11-19,5623,8,4
2011-11-20,12605,20,9
2011-11-21,11695,17,7
2011-11-22,3638,6,4
2011-11-23,3286,11,5
2011-11-24,9438,16,10
2011-11-25,8799,15,8
2011-11-26,6339,9,6
2011-11-27,9013,29,14
2011-11-28,4076,10,6
2011-11-29,4019,14,6
2011-11-30,10825,19,9
2011-12-01,9939,17,11
2011-12-02,5183,20,9
2011-12-03,17546,35,16
2011-12-04,1927,6,3
2011-12-05,20071,26,13
2011-12-06,5604,9,6
2011-12-07,19407,36,17
2011-12-08,13070,30,11
2011-12-09,6757,10,7
2011-12-10,9653,18,10
2011-12-11,13866,28,14
2011-12-12,22737,41,17
2011-12-13,9018,19,12
2011-12-14,18047,30,16
2011-12-15,9810,14,5
2011-12-16,9617,19,11
2011-12-17,9902,24,11
2011-12-18,13458,25,10
2011-12-19,26809,42,14
2011-12-20,22382,32,14
2011-12-21,3042,6,3
2011-12-22,11739,19,12
2011-12-23,10705,20,12
2011-12-24,12002,22,13
2011-12-25,9394,16,8
2011-12-26,6163,12,8
2011-12-27,8620,14,9
2011-12-28,9620,25,10
2011-12-29,16588,26,14
2011-12-30,8152,10,7
2011-12-31,8364,13,7
2012-01-01,4709,10,5
2012-01-02,2831,8,4
2012-01-03,9665,16,8
2012-01-04,5908,10,5
2012-01-05,2135,6,3
2012-01-06,7196,12,6
2012-01-07,2783,8,4
2012-01-08,8568,16,8
2012-01-09,6755,10,5
2012-01-10,4272,8,4
2012-01-11,11656,18,9
2012-01-12,10423,14,7
2012-01-13,4472,6,3
2012-01-14,6879,18,9
2012-01-15,11702,14,7
2012-01-16,6730,14,7
2012-01-17,12310,16,8
2012-01-18,3655,12,6
2012-01-19,5658,12,6
2012-01-20,5545,12,6
2012-01-21,10363,14,7
2012-01-22,9904,18,9
2012-01-23,4269,6,3
2012-01-24,8669,16,8
2012-01-25,4542,8,4
2012-01-26,5647,10,5
2012-01-27,4642,10,5
2012-01-28,5706,12,6
2012-01-29,4434,8,4
2012-01-30,10987,20,10
2012-01-31,8266,14,7
2012-02-01,7488,12,6
2012-02-02,5154,12,6
2012-02-03,10542,14,7
2012-02-04,5994,14,7
2012-02-05,9761,12,6
2012-02-06,12972,20,10
2012-02-07,5472,12,6
2012-02-08,5276,8,4
2012-02-09,3547,6,3
2012-02-10,11488,20,10
2012-02-11,14715,24,12
2012-02-12,5574,6,3
2012-02-13,12310,14,7
2012-02-14,9742,16,8
2012-02-15,4977,12,6
2012-02-16,2957,6,3
2012-02-17,7988,8,4
2012-02-18,2318,4,2
2012-02-19,4105,12,6
2012-02-20,7955,10,5
2012-02-21,1141,2,1
2012-02-22,10837,20,10
2012-02-23,3438,10,5
2012-02-24,9611,18,9
2012-02-25,5204,10,5
2012-02-26,13821,24,12
2012-02-27,4631,6,3
2012-02-28,10095,10,5
2012-02-29,0,0,0
2012-03-01,5825,12,6
2012-03-02,6710,14,7
2012-03-03,10913,18,9
2012-03-04,8075,16,8
2012-03-05,1386,6,3
2012-03-06,5431,18,9
2012-03-07,11629,18,9
2012-03-08,4088,8,4
2012-03-09,7956,12,6
2012-03-10,3511,4,2
2012-03-11,8180,12,6
2012-03-12,3629,10,5
2012-03-13,11958,20,10
2012-03-14,6410,8,4
2012-03-15,12338,20,10
2012-03-16,8857,10,5
2012-03-17,9471,18,9
2012-03-18,10614,16,8
2012-03-19,3499,8,4
2012-03-20,8792,18,9
2012-03-21,2790,8,4
2012-03-22,6059,12,6
2012-03-23,5791,10,5
2012-03-24,18415,24,12
2012-03-25,4760,10,5
2012-03-26,14294,18,9
2012-03-27,4339,6,3
2012-03-28,10547,16,8
2012-03-29,9517,12,6
2012-03-30,3956,8,4
2012-03-31,5344,8,4
2012-04-01,3741,10,5
2012-04-02,2545,6,3
2012-04-03,5989,18,9
2012-04-04,7575,14,7
2012-04-05,4355,10,5
2012-04-06,6409,10,5
2012-04-07,13328,18,9
2012-04-08,4050,6,3
2012-04-09,8118,10,5
2012-04-10,6657,10,5
2012-04-11,6861,12,6
2012-04-12,16050,24,12
2012-04-13,3274,8,4
2012-04-14,5989,6,3
2012-04-15,12081,26,13
2012-04-16,11124,14,7
2012-04-17,13834,18,9
2012-04-18,4504,14,7
2012-04-19,5777,8,4
2012-04-20,10831,22,11
2012-04-21,4323,10,5
2012-04-22,3426,8,4
2012-04-23,9160,20,10
2012-04-24,2334,8,4
2012-04-25,11086,16,8
2012-04-26,5891,8,4
2012-04-27,12180,18,9
2012-04-28,4674,14,7
2012-04-29,13044,22,11
2012-04-30,17553,26,13
2012-05-01,14104,24,12
2012-05-02,6896,10,5
2012-05-03,5514,10,5
2012-05-04,10633,22,11
2012-05-05,7629,10,5
2012-05-06,7653,18,9
2012-05-07,7472,10,5
2012-05-08,15103,20,10
2012-05-09,4422,12,6
2012-05-10,3059,6,3
2012-05-11,5746,8,4
2012-05-12,10473,18,9
2012-05-13,12988,26,13
2012-05-14,8555,12,6
2012-05-15,10385,14,7
2012-05-16,12200,22,11
2012-05-17,9748,18,9
2012-05-18,5384,16,8
2012-05-19,8836,12,6
2012-05-20,5127,12,6
2012-05-21,7484,12,6
2012-05-22,5244,12,6
2012-05-23,10586,14,7
2012-05-24,11984,18,9
2012-05-25,7664,18,9
2012-05-26,6918,12,6
2012-05-27,4705,10,5
2012-05-28,5234,10,5
2012-05-29,2528,2,1
2012-05-30,7825,14,7
2012-05-31,3157,6,3
2012-06-01,2839,8,4
2012-06-02,8753,24,12
2012-06-03,2173,6,3
2012-06-04,11066,14,7
2012-06-05,9486,12,6
2012-06-06,13348,14,7
2012-06-07,7573,16,8
2012-06-08,8079,16,8
2012-06-09,3396,10,5
2012-06-10,6090,16,8
2012-06-11,4591,10,5
2012-06-12,12943,24,12
2012-06-13,3079,8,4
2012-06-14,8120,8,4
2012-06-15,6543,12,6
2012-06-16,2568,4,2
2012-06-17,5039,12,6
2012-06-18,8408,22,11
2012-06-19,15488,26,13
2012-06-20,7677,14,7
2012-06-21,7986,18,9
2012-06-22,6350,10,5
2012-06-23,15911,30,15
2012-06-24,9077,14,7
2012-06-25,5053,10,5
2012-06-26,6741,14,7
2012-06-27,7122,18,9
2012-06-28,1908,10,5
2012-06-29,9555,16,8
2012-06-30,9073,12,6
2012-07-01,6396,16,8
2012-07-02,1343,6,3
2012-07-03,14945,26,13
2012-07-04,7485,18,9
2012-07-05,11577,20,10
2012-07-06,6759,22,11
2012-07-07,7993,18,9
2012-07-08,8089,12,6
2012-07-09,5686,10,5
2012-07-10,7962,14,7
2012-07-11,12685,24,12
2012-07-12,6704,16,8
2012-07-13,16326,24,12
2012-07-14,7306,20,10
2012-07-15,2980,8,4
2012-07-16,4488,12,6
2012-07-17,12360,22,11
2012-07-18,11154,14,7
2012-07-19,7185,16,8
2012-07-20,12353,20,10
2012-07-21,11938,20,10
2012-07-22,9380,14,7
2012-07-23,7900,14,7
2012-07-24,7866,12,6
2012-07-25,9181,18,9
2012-07-26,5925,10,5
2012-07-27,14661,20,10
2012-07-28,5121,10,5
2012-07-29,5223,12,6
2012-07-30,17536,20,10
2012-07-31,11687,18,9
2012-08-01,7187,18,9
2012-08-02,12376,16,8
2012-08-03,4727,12,6
2012-08-04,9731,18,9
2012-08-05,4749,14,7
2012-08-06,11054,24,12
2012-08-07,11619,22,11
2012-08-08,10381,16,8
2012-08-09,9459,16,8
2012-08-10,2657,8,4
2012-08-11,6573,10,5
2012-08-12,9737,18,9
2012-08-13,15192,24,12
2012-08-14,14545,20,10
2012-08-15,12436,24,12
2012-08-16,5907,10,5
2012-08-17,10685,20,10
2012-08-18,6077,16,8
2012-08-19,13907,22,11
2012-08-20,14031,24,12
2012-08-21,8352,20,10
2012-08-22,7492,20,10
2012-08-23,3838,10,5
2012-08-24,10117,22,11
2012-08-25,10797,22,11
2012-08-26,12580,26,13
2012-08-27,19388,22,11
2012-08-28,10223,16,8
2012-08-29,7327,12,6
2012-08-30,5844,16,8
2012-08-31,11620,24,12
2012-09-01,2639,4,2
2012-09-02,8750,14,7
2012-09-03,7253,16,8
2012-09-04,5262,12,6
2012-09-05,3314,8,4
2012-09-06,2405,8,4
2012-09-07,822,4,2
2012-09-08,11821,18,9
2012-09-09,9212,18,9
2012-09-10,13068,18,9
2012-09-11,8415,16,8
2012-09-12,6488,14,7
2012-09-13,10725,22,11
2012-09-14,12104,20,10
2012-09-15,5128,8,4
2012-09-16,9617,10,5
2012-09-17,6568,10,5
2012-09-18,14349,18,9
2012-09-19,5208,18,9
2012-09-20,5550,14,7
2012-09-21,7325,10,5
2012-09-22,3018,10,5
2012-09-23,10890,14,7
2012-09-24,9123,18,9
2012-09-25,6670,12,6
2012-09-26,9739,20,10
2012-09-27,3931,6,3
2012-09-28,2278,4,2
2012-09-29,10360,14,7
2012-09-30,8713,18,9
2012-10-01,9933,16,8
2012-10-02,12176,16,8
2012-10-03,6962,14,7
2012-10-04,8309,14,7
2012-10-05,3539,6,3
2012-10-06,6119,14,7
2012-10-07,9298,14,7
2012-10-08,6775,14,7
2012-10-09,2548,6,3
2012-10-10,3032,8,4
2012-10-11,5491,14,7
2012-10-12,9236,24,12
2012-10-13,11122,26,13
2012-10-14,4858,12,6
2012-10-15,7152,12,6
2012-10-16,8682,18,9
2012-10-17,8957,12,6
2012-10-18,8580,14,7
2012-10-19,12942,24,12
2012-10-20,9855,18,9
2012-10-21,11556,20,10
2012-10-22,7480,14,7
2012-10-23,8001,14,7
2012-10-24,11504,18,9
2012-10-25,7074,14,7
2012-10-26,7079,18,9
2012-10-27,1106,6,3
2012-10-28,4123,12,6
2012-10-29,5299,12,6
2012-10-30,14134,24,12
2012-10-31,3266,10,5
2012-11-01,3189,12,6
2012-11-02,3003,8,4
2012-11-03,9191,12,6
2012-11-04,1092,2,1
2012-11-05,4618,12,6
2012-11-06,7004,18,9
2012-11-07,5320,10,5
2012-11-08,5635,14,7
2012-11-09,4462,8,4
2012-11-10,6565,14,7
2012-11-11,10778,22,11
2012-11-12,4081,12,6
2012-11-13,6191,8,4
2012-11-14,5416,10,5
2012-11-15,4021,6,3
2012-11-16,7882,16,8
2012-11-17,7346,12,6
2012-11-18,4510,14,7
2012-11-19,4113,8,4
2012-11-20,10946,18,9
2012-11-21,9480,14,7
2012-11-22,4753,8,4
2012-11-23,3321,10,5
2012-11-24,12635,20,10
2012-11-25,8996,16,8
2012-11-26,8955,12,6
2012-11-27,9065,28,14
2012-11-28,4645,12,6
2012-11-29,4011,12,6
2012-11-30,10547,18,9
2012-12-01,12795,22,11
2012-12-02,4626,18,9
2012-12-03,16531,32,16
2012-12-04,2359,6,3
2012-12-05,18850,26,13
2012-12-06,8407,12,6
2012-12-07,19129,34,17
2012-12-08,8810,22,11
2012-12-09,9402,14,7
2012-12-10,12058,20,10
2012-12-11,13761,28,14
2012-12-12,18316,34,17
2012-12-13,11101,24,12
2012-12-14,18111,32,16
2012-12-15,6837,10,5
2012-12-16,11876,22,11
2012-12-17,10554,22,11
2012-12-18,10316,20,10
2012-12-19,16369,28,14
2012-12-20,17994,28,14
2012-12-21,2903,6,3
2012-12-22,13943,24,12
2012-12-23,13433,24,12
2012-12-24,13396,26,13
2012-12-25,7890,16,8
2012-12-26,7836,16,8
2012-12-27,11004,18,9
2012-12-28,8999,20,10
2012-12-29,16446,28,14
2012-12-30,9345,14,7
2012-12-31,7558,14,7
2013-01-01,3843,8,8
2013-01-02,8024,12,12
2013-01-03,5061,7,7
2013-01-04,2287,8,8
2013-01-05,4502,7,7
2013-01-06,653,2,2
2013-01-07,4761,9,9
2013-01-08,5671,10,10
2013-01-09,5049,9,9
2013-01-10,4802,11,11
2013-01-11,4843,7,7
2013-01-12,5024,7,7
2013-01-13,6380,12,12
2013-01-14,4664,6,6
2013-01-15,6988,10,10
2013-01-16,7968,11,11
2013-01-17,5606,7,7
2013-01-18,4877,7,7
2013-01-19,3172,5,5
2013-01-20,3231,7,7
2013-01-21,3066,7,7
2013-01-22,6244,10,10
2013-01-23,6346,14,14
2013-01-24,5631,7,7
2013-01-25,2915,4,4
2013-01-26,5521,10,10
2013-01-27,1808,3,3
2013-01-28,3409,5,5
2013-01-29,3258,8,8
2013-01-30,3058,6,6
2013-01-31,4616,8,8
2013-02-01,6016,10,10
2013-02-02,5364,10,10
2013-02-03,4610,9,9
2013-02-04,8692,17,17
2013-02-05,6716,8,8
2013-02-06,8688,14,14
2013-02-07,5039,8,8
2013-02-08,5784,11,11
2013-02-09,7285,11,11
2013-02-10,5198,7,7
2013-02-11,2433,4,4
2013-02-12,6014,10,10
2013-02-13,5440,11,11
2013-02-14,7258,11,11
2013-02-15,5285,11,11
2013-02-16,2926,4,4
2013-02-17,6106,12,12
2013-02-18,6195,13,13
2013-02-19,5814,10,10
2013-02-20,4541,10,10
2013-02-21,10006,13,13
2013-02-22,5332,11,11
2013-02-23,523,3,3
2013-02-24,8860,11,11
2013-02-25,8259,15,15
2013-02-26,4091,7,7
2013-02-27,2353,3,3
2013-02-28,5111,8,8
2013-03-01,5808,9,9
2013-03-02,7458,11,11
2013-03-03,2483,6,6
2013-03-04,2483,6,6
2013-03-05,9635,17,17
2013-03-06,3716,6,6
2013-03-07,4489,9,9
2013-03-08,7460,14,14
2013-03-09,3187,5,5
2013-03-10,2159,5,5
2013-03-11,4321,8,8
2013-03-12,9827,19,19
2013-03-13,4623,7,7
2013-03-14,5824,9,9
2013-03-15,2587,5,5
2013-03-16,3046,7,7
2013-03-17,5103,9,9
2013-03-18,8969,15,15
2013-03-19,6958,12,12
2013-03-20,7123,11,11
2013-03-21,2227,5,5
2013-03-22,5182,7,7
2013-03-23,2115,6,6
2013-03-24,4516,5,5
2013-03-25,3711,4,4
2013-03-26,4775,8,8
2013-03-27,2992,4,4
2013-03-28,5754,13,13
2013-03-29,6693,10,10
2013-03-30,5828,10,10
2013-03-31,3655,10,10
2013-04-01,4987,11,11
2013-04-02,6598,13,13
2013-04-03,2504,5,5
2013-04-04,7395,12,12
2013-04-05,6164,10,10
2013-04-06,2751,5,5
2013-04-07,5651,11,11
2013-04-08,6131,13,13
2013-04-09,5586,10,10
2013-04-10,4597,6,6
2013-04-11,7443,13,13
2013-04-12,4230,7,7
2013-04-13,8287,18,18
2013-04-14,4224,7,7
2013-04-15,5219,10,10
2013-04-16,4633,7,7
2013-04-17,7277,16,16
2013-04-18,4623,11,11
2013-04-19,4341,7,7
2013-04-20,4279,9,9
2013-04-21,2406,5,5
2013-04-22,2577,6,6
2013-04-23,2273,6,6
2013-04-24,8887,15,15
2013-04-25,8082,15,15
2013-04-26,3957,9,9
2013-04-27,4674,11,11
2013-04-28,4838,8,8
2013-04-29,3323,7,7
2013-04-30,5866,11,11
2013-05-01,6883,13,13
2013-05-02,7257,11,11
2013-05-03,6264,15,15
2013-05-04,6554,9,9
2013-05-05,8472,14,14
2013-05-06,10973,15,15
2013-05-07,4891,9,9
2013-05-08,8626,15,15
2013-05-09,4853,8,8
2013-05-10,4078,6,6
2013-05-11,8650,12,12
2013-05-12,7472,13,13
2013-05-13,3424,9,9
2013-05-14,5165,12,12
2013-05-15,4775,9,9
2013-05-16,3527,8,8
2013-05-17,3650,8,8
2013-05-18,1598,2,2
2013-05-19,5908,7,7
2013-05-20,5946,10,10
2013-05-21,4327,10,10
2013-05-22,7181,12,12
2013-05-23,7702,12,12
2013-05-24,10632,16,16
2013-05-25,4239,7,7
2013-05-26,4761,10,10
2013-05-27,6684,10,10
2013-05-28,6530,12,12
2013-05-29,6767,9,9
2013-05-30,8149,15,15
2013-05-31,10421,17,17
2013-06-01,5804,15,15
2013-06-02,7607,13,13
2013-06-03,4211,9,9
2013-06-04,4068,9,9
2013-06-05,3844,8,8
2013-06-06,4963,11,11
2013-06-07,6572,11,11
2013-06-08,11253,17,17
2013-06-09,4397,7,7
2013-06-10,8532,14,14
2013-06-11,5154,10,10
2013-06-12,6135,11,11
2013-06-13,6461,10,10
2013-06-14,6569,11,11
2013-06-15,6337,14,14
2013-06-16,2981,7,7
2013-06-17,6777,10,10
2013-06-18,4109,8,8
2013-06-19,8484,14,14
2013-06-20,6600,10,10
2013-06-21,8676,16,16
2013-06-22,3563,6,6
2013-06-23,4116,9,9
2013-06-24,6193,11,11
2013-06-25,3685,9,9
2013-06-26,4493,8,8
2013-06-27,5801,13,13
2013-06-28,5755,13,13
2013-06-29,5546,7,7
2013-06-30,6393,10,10
2013-07-01,11431,332,35
2013-07-02,12601,502,42
2013-07-03,17149,597,64
2013-07-04,23221,528,58
2013-07-05,11308,367,39
2013-07-06,6694,273,24
2013-07-07,15694,470,45
2013-07-08,12746,389,38
2013-07-09,13862,549,58
2013-07-10,11865,356,34
2013-07-11,19638,806,69
2013-07-12,9848,463,47
2013-07-13,15373,430,44
2013-07-14,12009,327,39
2013-07-15,18372,699,62
2013-07-16,11987,370,40
2013-07-17,14256,394,42
2013-07-18,6681,132,21
2013-07-19,9953,354,37
2013-07-20,16938,742,76
2013-07-21,8553,304,25
2013-07-22,14189,484,45
2013-07-23,13700,321,34
2013-07-24,40776,941,85
2013-07-25,11062,442,39
2013-07-26,17337,419,44
2013-07-27,9016,413,42
2013-07-28,10031,394,39
2013-07-29,22078,585,64
2013-07-30,8758,293,31
2013-07-31,17813,501,49
2013-08-01,18468,1471,110
2013-08-02,19281,1517,106
2013-08-03,27881,1689,134
2013-08-04,21040,1312,100
2013-08-05,17395,1403,92
2013-08-06,21237,1442,106
2013-08-07,27145,1839,144
2013-08-08,31837,2393,180
2013-08-09,26551,1811,135
2013-08-10,14911,1229,88
2013-08-11,21381,1293,99
2013-08-12,30971,1847,148
2013-08-13,27141,1813,133
2013-08-14,24285,1862,128
2013-08-15,14018,1375,96
2013-08-16,28981,1968,135
2013-08-17,28166,1756,124
2013-08-18,26786,1749,137
2013-08-19,30598,2086,149
2013-08-20,17513,1185,101
2013-08-21,17199,1575,119
2013-08-22,15209,888,64
2013-08-23,20589,1228,89
2013-08-24,43617,2266,166
2013-08-25,28665,2126,152
2013-08-26,26912,1551,123
2013-08-27,17676,1575,118
2013-08-28,27656,1823,130
2013-08-29,29595,2189,153
2013-08-30,25381,1819,134
2013-08-31,23145,1534,126
2013-09-01,19786,1078,84
2013-09-02,29452,1837,140
2013-09-03,27924,1534,118
2013-09-04,25739,1942,142
2013-09-05,29640,1483,113
2013-09-06,23638,1466,109
2013-09-07,30564,1983,138
2013-09-08,27568,1709,141
2013-09-09,34648,2150,154
2013-09-10,26890,1604,121
2013-09-11,20953,942,87
2013-09-12,35682,2264,163
2013-09-13,34790,1915,168
2013-09-14,28887,1751,132
2013-09-15,25771,1800,136
2013-09-16,21059,1687,111
2013-09-17,28240,1883,134
2013-09-18,30925,2082,152
2013-09-19,41086,2184,173
2013-09-20,29790,1887,139
2013-09-21,22697,1700,133
2013-09-22,30034,1530,126
2013-09-23,32120,2151,154
2013-09-24,27125,1565,112
2013-09-25,23418,1129,100
2013-09-26,23044,1641,119
2013-09-27,27294,2079,148
2013-09-28,23547,1759,123
2013-09-29,16960,1193,87
2013-09-30,29698,1827,128
2013-10-01,22512,1779,129
2013-10-02,32160,2072,157
2013-10-03,26664,1692,133
2013-10-04,29281,1656,123
2013-10-05,35121,1973,152
2013-10-06,32417,2560,185
2013-10-07,23775,1669,128
2013-10-08,39176,2424,187
2013-10-09,24253,1980,145
2013-10-10,23885,1584,135
2013-10-11,27431,1491,121
2013-10-12,25746,1573,124
2013-10-13,24051,1518,118
2013-10-14,31603,1869,143
2013-10-15,31342,2293,163
2013-10-16,19351,1178,91
2013-10-17,25606,1520,121
2013-10-18,27823,1740,140
2013-10-19,25828,1434,112
2013-10-20,22445,1911,133
2013-10-21,24494,1698,125
2013-10-22,31762,2184,165
2013-10-23,28923,1798,144
2013-10-24,17401,1513,104
2013-10-25,27948,1760,125
2013-10-26,32649,2084,159
2013-10-27,23097,1333,104
2013-10-28,29920,1674,120
2013-10-29,22812,1413,117
2013-10-30,28501,1487,122
2013-10-31,24021,1498,121
2013-11-01,21519,1621,119
2013-11-02,27960,1729,126
2013-11-03,46072,2371,178
2013-11-04,24560,2010,140
2013-11-05,24021,1572,119
2013-11-06,26060,1553,125
2013-11-07,33740,2135,157
2013-11-08,27985,1363,102
2013-11-09,30275,1723,126
2013-11-10,30851,1752,140
2013-11-11,22419,1227,85
2013-11-12,30050,1764,136
2013-11-13,23876,1655,140
2013-11-14,32112,1940,152
2013-11-15,33512,1916,152
2013-11-16,25942,1502,118
2013-11-17,34836,1730,143
2013-11-18,31596,2251,164
2013-11-19,32269,1997,158
2013-11-20,17696,1033,89
2013-11-21,30002,1851,151
2013-11-22,36653,2116,173
2013-11-23,25973,1696,121
2013-11-24,42726,2379,185
2013-11-25,25846,1557,108
2013-11-26,31543,1890,137
2013-11-27,36339,2172,158
2013-11-28,35249,1968,160
2013-11-29,34253,1999,160
2013-11-30,32949,2010,152
2013-12-01,38494,2056,170
2013-12-02,40935,2288,174
2013-12-03,43908,2167,178
2013-12-04,36491,2082,175
2013-12-05,44363,1998,167
2013-12-06,47633,2630,201
2013-12-07,52317,3093,241
2013-12-08,37709,2103,164
2013-12-09,35016,1955,148
2013-12-10,24393,1623,122
2013-12-11,41418,2266,178
2013-12-12,51719,2428,189
2013-12-13,36963,2331,192
2013-12-14,39616,1959,155
2013-12-15,41020,2433,194
2013-12-16,30767,1621,130
2013-12-17,34387,2185,167
2013-12-18,44576,2289,186
2013-12-19,42618,2131,175
2013-12-20,36206,1961,165
2013-12-21,36500,2085,169
2013-12-22,23116,1349,105
2013-12-23,36119,2012,161
2013-12-24,31626,2295,171
2013-12-25,40224,1997,166
2013-12-26,35671,2267,178
2013-12-27,26565,1733,134
2013-12-28,36658,2074,170
2013-12-29,45480,2489,187
2013-12-30,39237,2028,158
2013-12-31,48278,2735,200
2014-01-01,16768,1100,87
2014-01-02,23679,1701,124
2014-01-03,27878,1657,132
2014-01-04,24954,1538,121
2014-01-05,27217,1954,132
2014-01-06,29255,1938,145
2014-01-07,30288,2061,140
2014-01-08,26014,2017,162
2014-01-09,21357,1572,113
2014-01-10,38977,2476,180
2014-01-11,28836,1965,149
2014-01-12,20840,1373,109
2014-01-13,19026,1390,101
2014-01-14,27607,1829,138
2014-01-15,31627,2153,154
2014-01-16,31462,1989,155
2014-01-17,21568,1265,107
2014-01-18,25419,2109,154
2014-01-19,24026,1772,126
2014-01-20,33478,2224,189
2014-01-21,25209,1572,128
2014-01-22,24694,1607,123
2014-01-23,18118,1347,107
2014-01-24,33274,2079,168
2014-01-25,28765,1655,121
2014-01-26,30564,1821,139
2014-01-27,24570,1582,133
2014-01-28,33764,2322,169
2014-01-29,26133,1641,130
2014-01-30,23310,1653,135
2014-01-31,26169,1717,139
2014-02-01,33580,2220,164
2014-02-02,29487,2013,139
2014-02-03,34854,2212,169
2014-02-04,21416,1392,118
2014-02-05,30935,2344,168
2014-02-06,29644,2089,146
2014-02-07,35209,1814,154
2014-02-08,27297,1596,143
2014-02-09,21241,1626,129
2014-02-10,25763,2186,154
2014-02-11,21776,1238,110
2014-02-12,29353,2366,158
2014-02-13,29294,1809,139
2014-02-14,31836,1436,125
2014-02-15,30244,1701,141
2014-02-16,20627,1544,117
2014-02-17,36158,2269,182
2014-02-18,36224,2192,177
2014-02-19,25597,1763,147
2014-02-20,46984,2781,221
2014-02-21,26914,1986,160
2014-02-22,24986,1547,120
2014-02-23,25979,1712,131
2014-02-24,31208,1917,151
2014-02-25,14927,1159,88
2014-02-26,22236,1369,112
2014-02-27,23371,2170,150
2014-02-28,33781,1843,155
2014-03-01,59253,3689,288
2014-03-02,25258,1400,120
2014-03-03,25238,1456,123
2014-03-04,24687,1842,136
2014-03-05,21204,1762,125
2014-03-06,29323,1792,131
2014-03-07,26797,2007,153
2014-03-08,20102,1292,111
2014-03-09,32471,2176,161
2014-03-10,28335,1920,146
2014-03-11,28051,1839,143
2014-03-12,34305,1795,159
2014-03-13,38379,2337,171
2014-03-14,23233,1534,115
2014-03-15,21914,1728,131
2014-03-16,21148,1218,91
2014-03-17,25210,1460,126
2014-03-18,28860,1372,127
2014-03-19,30406,1801,141
2014-03-20,25257,1770,138
2014-03-21,27587,2242,161
2014-03-22,22246,1712,133
2014-03-23,41052,1812,147
2014-03-24,30097,1873,147
2014-03-25,22651,1570,134
2014-03-26,20684,1246,115
2014-03-27,33894,2157,170
2014-03-28,25836,1866,142
2014-03-29,21741,1530,122
2014-03-30,27617,1725,139
2014-03-31,30217,1489,120
2014-04-01,24257,1842,151
2014-04-02,32998,1958,159
2014-04-03,35733,2823,218
2014-04-04,31233,1702,138
2014-04-05,15665,1567,115
2014-04-06,42899,2138,161
2014-04-07,29837,2051,154
2014-04-08,23009,2197,151
2014-04-09,26669,1738,134
2014-04-10,26979,2156,153
2014-04-11,24869,1646,124
2014-04-12,29491,1610,138
2014-04-13,22887,1379,104
2014-04-14,31186,1869,149
2014-04-15,33478,2427,175
2014-04-16,27756,1775,133
2014-04-17,31332,1898,145
2014-04-18,30080,2314,167
2014-04-19,37672,2412,201
2014-04-20,31186,1917,156
2014-04-21,24156,1609,119
2014-04-22,32542,1921,155
2014-04-23,38722,2106,167
2014-04-24,35521,1996,163
2014-04-25,28131,2070,166
2014-04-26,32190,1660,143
2014-04-27,31856,1867,158
2014-04-28,39719,2590,187
2014-04-29,28843,1846,148
2014-04-30,34775,2026,158
2014-05-01,45158,2494,211
2014-05-02,27419,1966,133
2014-05-03,39620,1877,162
2014-05-04,43220,2357,185
2014-05-05,43577,2406,194
2014-05-06,31822,1972,161
2014-05-07,37986,2326,171
2014-05-08,32396,2163,177
2014-05-09,32367,2076,175
2014-05-10,27111,1705,142
2014-05-11,36505,1948,155
2014-05-12,34226,2001,175
2014-05-13,29813,2049,156
2014-05-14,35360,2219,177
2014-05-15,40501,2069,170
2014-05-16,38687,2041,178
2014-05-17,32796,1992,161
2014-05-18,22732,1523,122
2014-05-19,36551,1947,161
2014-05-20,36914,2220,175
2014-05-21,38035,2088,170
2014-05-22,31926,1697,135
2014-05-23,36478,1692,146
2014-05-24,39449,1776,149
2014-05-25,29966,2277,168
2014-05-26,25887,2297,165
2014-05-27,28608,1748,127
2014-05-28,34223,2061,159
2014-05-29,29166,1664,137
2014-05-30,33970,1962,150
2014-05-31,33705,2048,168
2014-06-01,29109,1498,120
2014-06-02,20536,1755,131
2014-06-03,39815,2149,168
2014-06-04,32321,1778,138
2014-06-05,34766,2295,181
2014-06-06,47053,2596,204
2014-06-07,46647,2481,206
2014-06-08,39272,2040,170
2014-06-09,36003,2020,165
2014-06-10,29489,1704,140
2014-06-11,48731,2789,217
2014-06-12,23734,1651,138
2014-06-13,32788,1763,144
2014-06-14,54139,2883,236
2014-06-15,44447,2617,190
2014-06-16,28467,1513,129
2014-06-17,41502,2490,203
2014-06-18,35714,1866,151
2014-06-19,45049,2085,184
2014-06-20,40193,2288,173
2014-06-21,49401,2623,201
2014-06-22,33912,2395,180
2014-06-23,28108,1951,149
2014-06-24,38056,2685,190
2014-06-25,40933,2263,171
2014-06-26,35498,2020,167
2014-06-27,34822,2000,162
2014-06-28,46063,2750,201
2014-06-29,35747,1721,148
2014-06-30,27609,1585,125
2014-07-01,9635,1141,74
2014-07-02,7624,1221,80
2014-07-03,10012,1126,74
2014-07-04,7865,825,50
2014-07-05,5958,785,59
2014-07-06,9120,855,63
2014-07-07,4807,684,56
2014-07-08,12835,1495,102
2014-07-09,6452,920,56
2014-07-10,10322,1041,66
2014-07-11,7704,892,60
2014-07-12,11890,843,55
2014-07-13,3365,524,31
2014-07-14,6104,878,67
2014-07-15,8711,1135,78
2014-07-16,8736,827,59
2014-07-17,12392,1461,83
2014-07-18,8511,1068,71
2014-07-19,7350,1150,82
2014-07-20,10853,1158,76
2014-07-21,5880,678,47
2014-07-22,12693,941,69
2014-07-23,6310,1050,68
2014-07-24,7902,1082,76
2014-07-25,6450,816,53
2014-07-26,7069,914,71
2014-07-27,7410,845,59
2014-07-28,9375,1336,82
2014-07-29,9909,914,61
2014-07-30,7163,872,57
2014-07-31,13091,1298,82
2014-08-01,0,0,0
2014-08-02,0,0,0
2014-08-03,0,0,0
2014-08-04,0,0,0
2014-08-05,0,0,0
2014-08-06,0,0,0
2014-08-07,0,0,0
2014-08-08,0,0,0
2014-08-09,0,0,0
2014-08-10,0,0,0
2014-08-11,0,0,0
2014-08-12,0,0,0
2014-08-13,0,0,0
2014-08-14,0,0,0
2014-08-15,0,0,0
2014-08-16,0,0,0
2014-08-17,0,0,0
2014-08-18,0,0,0
2014-08-19,0,0,0
2014-08-20,0,0,0
2014-08-21,0,0,0
2014-08-22,0,0,0
2014-08-23,0,0,0
2014-08-24,0,0,0
2014-08-25,0,0,0
2014-08-26,0,0,0
2014-08-27,0,0,0
2014-08-28,0,0,0
2014-08-29,0,0,0
2014-08-30,0,0,0
2014-08-31,0,0,0
2014-09-01,0,0,0
2014-09-02,0,0,0
2014-09-03,0,0,0
2014-09-04,0,0,0
2014-09-05,0,0,0
2014-09-06,0,0,0
2014-09-07,0,0,0
2014-09-08,0,0,0
2014-09-09,0,0,0
2014-09-10,0,0,0
2014-09-11,0,0,0
2014-09-12,0,0,0
2014-09-13,0,0,0
2014-09-14,0,0,0
2014-09-15,0,0,0
2014-09-16,0,0,0
2014-09-17,0,0,0
2014-09-18,0,0,0
2014-09-19,0,0,0
2014-09-20,0,0,0
2014-09-21,0,0,0
2014-09-22,0,0,0
2014-09-23,0,0,0
2014-09-24,0,0,0
2014-09-25,0,0,0
2014-09-26,0,0,0
2014-09-27,0,0,0
2014-09-28,0,0,0
2014-09-29,0,0,0
2014-09-30,0,0,0
2014-10-01,0,0,0
2014-10-02,0,0,0
2014-10-03,0,0,0
2014-10-04,0,0,0
2014-10-05,0,0,0
2014-10-06,0,0,0
2014-10-07,0,0,0
2014-10-08,0,0,0
2014-10-09,0,0,0
2014-10-10,0,0,0
2014-10-11,0,0,0
2014-10-12,0,0,0
2014-10-13,0,0,0
2014-10-14,0,0,0
2014-10-15,0,0,0
2014-10-16,0,0,0
2014-10-17,0,0,0
2014-10-18,0,0,0
2014-10-19,0,0,0
2014-10-20,0,0,0
2014-10-21,0,0,0
2014-10-22,0,0,0
2014-10-23,0,0,0
2014-10-24,0,0,0
2014-10-25,0,0,0
2014-10-26,0,0,0
2014-10-27,0,0,0
2014-10-28,0,0,0
2014-10-29,0,0,0
2014-10-30,0,0,0
2014-10-31,0,0,0
2014-11-01,0,0,0
2014-11-02,0,0,0
2014-11-03,0,0,0
2014-11-04,0,0,0
2014-11-05,0,0,0
2014-11-06,0,0,0
2014-11-07,0,0,0
2014-11-08,0,0,0
2014-11-09,0,0,0
2014-11-10,0,0,0
2014-11-11,0,0,0
2014-11-12,0,0,0
2014-11-13,0,0,0
2014-11-14,0,0,0
2014-11-15,0,0,0
2014-11-16,0,0,0
2014-11-17,0,0,0
2014-11-18,0,0,0
2014-11-19,0,0,0
2014-11-20,0,0,0
2014-11-21,0,0,0
2014-11-22,0,0,0
2014-11-23,0,0,0
2014-11-24,0,0,0
2014-11-25,0,0,0
2014-11-26,0,0,0
2014-11-27,0,0,0
2014-11-28,0,0,0
2014-11-29,0,0,0
2014-11-30,0,0,0
2014-12-01,0,0,0
2014-12-02,0,0,0
2014-12-03,0,0,0
2014-12-04,0,0,0
2014-12-05,0,0,0
2014-12-06,0,0,0
2014-12-07,0,0,0
2014-12-08,0,0,0
2014-12-09,0,0,0
2014-12-10,0,0,0
2014-12-11,0,0,0
2014-12-12,0,0,0
2014-12-13,0,0,0
2014-12-14,0,0,0
2014-12-15,0,0,0
2014-12-16,0,0,0
2014-12-17,0,0,0
2014-12-18,0,0,0
2014-12-19,0,0,0
2014-12-20,0,0,0
2014-12-21,0,0,0
2014-12-22,0,0,0
2014-12-23,0,0,0
2014-12-24,0,0,0
2014-12-25,0,0,0
2014-12-26,0,0,0
2014-12-27,0,0,0
2014-12-28,0,0,0
2014-12-29,0,0,0
2014-12-30,0,0,0
2014-12-31,0,0,0
2015-01-01,5597,12,8
2015-01-02,9913,15,12
2015-01-03,7339,11,7
2015-01-04,3433,12,8
2015-01-05,6384,10,7
2015-01-06,1308,4,2
2015-01-07,10590,18,9
2015-01-08,6753,14,10
2015-01-09,5966,12,9
2015-01-10,5059,13,11
2015-01-11,6037,10,7
2015-01-12,8118,11,7
2015-01-13,9578,18,12
2015-01-14,7849,11,6
2015-01-15,15656,22,10
2015-01-16,13667,18,11
2015-01-17,11404,13,7
2015-01-18,8123,13,7
2015-01-19,3710,6,5
2015-01-20,4225,9,7
2015-01-21,3730,9,7
2015-01-22,7609,12,10
2015-01-23,10022,22,14
2015-01-24,11288,13,7
2015-01-25,2915,4,4
2015-01-26,9185,18,10
2015-01-27,2805,4,3
2015-01-28,3409,5,5
2015-01-29,6029,14,8
2015-01-30,5604,10,6
2015-01-31,5889,10,8
2015-02-01,7352,11,10
2015-02-02,7351,15,10
2015-02-03,5622,11,9
2015-02-04,10547,25,17
2015-02-05,8120,10,8
2015-02-06,11951,23,14
2015-02-07,9007,14,8
2015-02-08,8063,16,11
2015-02-09,10516,16,11
2015-02-10,5198,7,7
2015-02-11,2433,4,4
2015-02-12,9179,16,10
2015-02-13,7067,14,11
2015-02-14,7629,13,11
2015-02-15,8520,16,11
2015-02-16,5114,8,4
2015-02-17,7388,17,12
2015-02-18,8816,20,13
2015-02-19,8963,16,10
2015-02-20,7447,16,10
2015-02-21,15590,19,13
2015-02-22,9973,21,11
2015-02-23,1181,7,3
2015-02-24,13971,17,11
2015-02-25,10195,18,15
2015-02-26,5093,10,7
2015-02-27,3008,4,3
2015-02-28,5317,9,8
2015-03-01,10513,16,9
2015-03-02,10020,17,11
2015-03-03,5180,14,6
2015-03-04,5087,11,6
2015-03-05,12121,21,17
2015-03-06,5571,10,6
2015-03-07,7059,13,9
2015-03-08,14762,25,14
2015-03-09,4409,7,5
2015-03-10,3079,8,5
2015-03-11,7121,14,8
2015-03-12,16128,27,19
2015-03-13,4717,8,7
2015-03-14,7169,11,9
2015-03-15,2821,6,5
2015-03-16,4550,10,7
2015-03-17,6309,11,9
2015-03-18,12464,24,15
2015-03-19,11640,20,12
2015-03-20,8945,13,11
2015-03-21,5092,8,5
2015-03-22,7201,11,7
2015-03-23,3451,11,6
2015-03-24,4927,7,5
2015-03-25,8320,9,4
2015-03-26,6823,11,8
2015-03-27,6138,8,4
2015-03-28,8826,18,13
2015-03-29,9874,14,10
2015-03-30,9467,17,10
2015-03-31,6302,15,10
2015-04-01,10273,22,11
2015-04-02,9893,18,13
2015-04-03,4378,9,5
2015-04-04,9787,19,12
2015-04-05,8606,15,10
2015-04-06,4498,10,5
2015-04-07,10484,21,11
2015-04-08,9722,18,13
2015-04-09,9010,15,10
2015-04-10,5617,7,6
2015-04-11,13190,23,13
2015-04-12,8803,15,7
2015-04-13,10882,28,18
2015-04-14,4907,8,7
2015-04-15,6243,12,10
2015-04-16,4633,7,7
2015-04-17,9783,21,16
2015-04-18,9926,18,11
2015-04-19,6431,13,7
2015-04-20,4663,10,9
2015-04-21,2850,7,5
2015-04-22,4338,9,6
2015-04-23,3315,10,6
2015-04-24,18215,27,15
2015-04-25,11797,26,15
2015-04-26,4969,13,9
2015-04-27,7601,18,11
2015-04-28,9980,14,8
2015-04-29,4157,8,7
2015-04-30,8637,16,11
2015-05-01,7727,16,13
2015-05-02,8564,14,11
2015-05-03,8321,20,15
2015-05-04,9869,14,9
2015-05-05,9571,16,14
2015-05-06,14815,21,15
2015-05-07,7273,13,9
2015-05-08,13582,22,15
2015-05-09,6909,11,8
2015-05-10,6705,9,6
2015-05-11,11807,16,12
2015-05-12,12375,21,13
2015-05-13,5742,16,9
2015-05-14,10310,21,12
2015-05-15,8175,14,9
2015-05-16,3776,9,8
2015-05-17,7240,17,8
2015-05-18,3267,4,2
2015-05-19,7366,9,7
2015-05-20,10280,17,10
2015-05-21,7660,18,10
2015-05-22,10926,20,12
2015-05-23,12925,19,12
2015-05-24,18215,27,16
2015-05-25,8553,12,7
2015-05-26,7601,17,10
2015-05-27,9937,14,10
2015-05-28,10226,18,12
2015-05-29,9067,11,9
2015-05-30,13798,24,15
2015-05-31,14712,23,17
2015-06-01,7721,22,15
2015-06-02,7991,14,13
2015-06-03,5744,14,9
2015-06-04,8717,18,9
2015-06-05,7531,13,8
2015-06-06,8975,17,11
2015-06-07,10554,19,11
2015-06-08,16328,24,17
2015-06-09,6674,10,7
2015-06-10,12775,20,14
2015-06-11,8132,14,10
2015-06-12,7181,12,11
2015-06-13,12365,16,10
2015-06-14,8333,16,11
2015-06-15,7654,18,14
2015-06-16,3225,8,7
2015-06-17,10492,16,10
2015-06-18,8821,16,8
2015-06-19,11619,20,14
2015-06-20,8181,12,10
2015-06-21,12317,22,16
2015-06-22,3952,8,6
2015-06-23,5169,12,9
2015-06-24,8939,16,11
2015-06-25,4760,12,9
2015-06-26,9103,16,8
2015-06-27,10211,20,13
2015-06-28,8129,19,13
2015-06-29,7561,9,7
2015-06-30,9710,14,10
2015-07-01,18047,338,35
2015-07-02,22073,501,42
2015-07-03,18340,581,64
2015-07-04,30340,516,58
2015-07-05,13342,360,39
2015-07-06,11578,274,24
2015-07-07,22641,466,45
2015-07-08,18731,399,38
2015-07-09,19788,533,58
2015-07-10,18060,368,34
2015-07-11,32672,777,69
2015-07-12,12017,441,47
2015-07-13,20973,441,44
2015-07-14,19490,328,39
2015-07-15,23376,700,62
2015-07-16,15353,369,40
2015-07-17,15919,391,42
2015-07-18,7785,131,21
2015-07-19,13888,346,37
2015-07-20,23214,737,76
2015-07-21,9654,300,25
2015-07-22,19015,488,45
2015-07-23,18186,308,34
2015-07-24,50651,923,85
2015-07-25,12084,419,39
2015-07-26,23315,420,44
2015-07-27,15076,426,42
2015-07-28,15347,394,39
2015-07-29,29119,599,64
2015-07-30,12884,297,31
2015-07-31,26994,496,49
2015-08-01,20989,1424,110
2015-08-02,22151,1507,106
2015-08-03,33794,1668,134
2015-08-04,24607,1299,100
2015-08-05,17911,1385,92
2015-08-06,23487,1427,106
2015-08-07,30951,1761,144
2015-08-08,36695,2312,180
2015-08-09,30927,1765,135
2015-08-10,14975,1179,88
2015-08-11,29676,1283,99
2015-08-12,37738,1808,148
2015-08-13,29578,1766,133
2015-08-14,24142,1794,128
2015-08-15,15682,1313,96
2015-08-16,36789,1936,135
2015-08-17,32103,1691,124
2015-08-18,30135,1716,137
2015-08-19,42813,2052,149
2015-08-20,19236,1147,101
2015-08-21,19652,1548,119
2015-08-22,23249,858,64
2015-08-23,23605,1162,89
2015-08-24,45588,2215,166
2015-08-25,32702,2086,152
2015-08-26,29723,1486,123
2015-08-27,18480,1569,118
2015-08-28,33409,1816,130
2015-08-29,33314,2114,153
2015-08-30,34241,1803,134
2015-08-31,28193,1513,126
2015-09-01,21484,1041,84
2015-09-02,32549,1811,140
2015-09-03,38338,1494,118
2015-09-04,28264,1893,142
2015-09-05,38380,1441,113
2015-09-06,30814,1443,109
2015-09-07,39036,1963,138
2015-09-08,31054,1682,141
2015-09-09,40060,2094,154
2015-09-10,31081,1573,121
2015-09-11,28465,912,87
2015-09-12,45234,2197,163
2015-09-13,40828,1880,168
2015-09-14,34343,1691,132
2015-09-15,31559,1724,136
2015-09-16,20986,1650,111
2015-09-17,31664,1860,134
2015-09-18,34055,2007,152
2015-09-19,46230,2104,173
2015-09-20,36642,1870,139
2015-09-21,23944,1663,133
2015-09-22,37378,1494,126
2015-09-23,42501,2090,154
2015-09-24,27686,1542,112
2015-09-25,30374,1109,100
2015-09-26,27070,1626,119
2015-09-27,32399,2044,148
2015-09-28,26882,1743,123
2015-09-29,20068,1197,87
2015-09-30,37023,1794,128
2015-10-01,28273,1729,129
2015-10-02,37876,1998,157
2015-10-03,30592,1643,133
2015-10-04,36167,1614,123
2015-10-05,43419,1933,152
2015-10-06,36713,2486,185
2015-10-07,29031,1632,128
2015-10-08,52045,2379,187
2015-10-09,29130,1905,145
2015-10-10,27996,1563,135
2015-10-11,29269,1455,121
2015-10-12,32363,1544,124
2015-10-13,29673,1500,118
2015-10-14,43750,1866,143
2015-10-15,37506,2268,163
2015-10-16,24747,1138,91
2015-10-17,29014,1508,121
2015-10-18,32128,1670,140
2015-10-19,30245,1411,112
2015-10-20,25377,1869,133
2015-10-21,29915,1631,125
2015-10-22,37669,2125,165
2015-10-23,33498,1753,144
2015-10-24,17754,1473,104
2015-10-25,31724,1696,125
2015-10-26,35473,2042,159
2015-10-27,25370,1298,104
2015-10-28,36798,1679,120
2015-10-29,23814,1358,117
2015-10-30,34690,1438,122
2015-10-31,28600,1476,121
2015-11-01,27140,1593,119
2015-11-02,31112,1687,126
2015-11-03,58461,2342,178
2015-11-04,28367,1997,140
2015-11-05,28678,1507,119
2015-11-06,30012,1490,125
2015-11-07,42161,2065,157
2015-11-08,32995,1351,102
2015-11-09,36030,1702,126
2015-11-10,40805,1735,140
2015-11-11,23942,1196,85
2015-11-12,38465,1710,136
2015-11-13,30780,1633,140
2015-11-14,40670,1901,152
2015-11-15,39925,1901,152
2015-11-16,30675,1441,118
2015-11-17,39262,1698,143
2015-11-18,39677,2220,164
2015-11-19,44638,1950,158
2015-11-20,21492,1018,89
2015-11-21,33708,1823,151
2015-11-22,44622,2071,173
2015-11-23,30474,1662,121
2015-11-24,56416,2344,185
2015-11-25,31742,1514,108
2015-11-26,40098,1854,137
2015-11-27,43949,2122,158
2015-11-28,41726,1930,160
2015-11-29,39167,1966,160
2015-11-30,38698,1979,152
2015-12-01,48775,2053,170
2015-12-02,53271,2241,174
2015-12-03,58807,2113,178
2015-12-04,43086,2039,175
2015-12-05,59368,1961,167
2015-12-06,56754,2581,201
2015-12-07,62919,3013,241
2015-12-08,44114,2022,164
2015-12-09,44718,1915,148
2015-12-10,26455,1569,122
2015-12-11,59836,2208,178
2015-12-12,59996,2394,189
2015-12-13,46884,2275,192
2015-12-14,51317,1920,155
2015-12-15,48027,2389,194
2015-12-16,41913,1575,130
2015-12-17,39960,2169,167
2015-12-18,50184,2232,186
2015-12-19,46786,2143,175
2015-12-20,46935,1910,165
2015-12-21,46274,2047,169
2015-12-22,27577,1330,105
2015-12-23,45771,1951,161
2015-12-24,36519,2257,171
2015-12-25,49511,1982,166
2015-12-26,45453,2221,178
2015-12-27,32461,1719,134
2015-12-28,44135,2017,170
2015-12-29,52059,2427,187
2015-12-30,50446,1988,158
2015-12-31,59231,2664,200
2016-01-01,20640,1061,87
2016-01-02,29939,1644,124
2016-01-03,35238,1628,132
2016-01-04,31087,1502,121
2016-01-05,33547,1911,132
2016-01-06,35140,1895,145
2016-01-07,35142,2018,140
2016-01-08,30307,1955,162
2016-01-09,27748,1540,113
2016-01-10,45587,2422,180
2016-01-11,34281,1918,149
2016-01-12,24618,1366,109
2016-01-13,20999,1377,101
2016-01-14,35113,1797,138
2016-01-15,37370,2120,154
2016-01-16,36137,1947,155
2016-01-17,25559,1222,107
2016-01-18,30598,2035,154
2016-01-19,28384,1754,126
2016-01-20,39976,2200,189
2016-01-21,34598,1530,128
2016-01-22,31832,1541,123
2016-01-23,21199,1348,107
2016-01-24,39325,2049,168
2016-01-25,37666,1635,121
2016-01-26,39186,1765,139
2016-01-27,31188,1573,133
2016-01-28,41164,2269,169
2016-01-29,33726,1657,130
2016-01-30,29709,1586,135
2016-01-31,30070,1668,139
2016-02-01,39561,2163,164
2016-02-02,38005,1951,139
2016-02-03,42887,2118,169
2016-02-04,25019,1375,118
2016-02-05,36981,2263,168
2016-02-06,35969,2039,146
2016-02-07,42925,1798,154
2016-02-08,35382,1554,143
2016-02-09,25107,1579,129
2016-02-10,31297,2149,154
2016-02-11,28778,1217,110
2016-02-12,30378,2280,158
2016-02-13,37339,1784,139
2016-02-14,39668,1395,125
2016-02-15,34426,1657,141
2016-02-16,23703,1501,117
2016-02-17,40762,2197,182
2016-02-18,41828,2132,177
2016-02-19,31656,1728,147
2016-02-20,57377,2727,221
2016-02-21,30774,1953,160
2016-02-22,28879,1512,120
2016-02-23,32331,1690,131
2016-02-24,35685,1852,151
2016-02-25,15943,1156,88
2016-02-26,28821,1334,112
2016-02-27,30370,2158,150
2016-02-28,42743,1807,155
2016-02-29,0,0,0
2016-03-01,72218,3571,288
2016-03-02,33673,1379,120
2016-03-03,27516,1406,123
2016-03-04,26154,1804,136
2016-03-05,26737,1725,125
2016-03-06,31598,1773,131
2016-03-07,30109,1931,153
2016-03-08,26149,1272,111
2016-03-09,37807,2125,161
2016-03-10,29537,1907,146
2016-03-11,36126,1807,143
2016-03-12,45514,1752,159
2016-03-13,41674,2281,171
2016-03-14,27465,1488,115
2016-03-15,24921,1726,131
2016-03-16,22551,1185,91
2016-03-17,30318,1425,126
2016-03-18,34465,1342,127
2016-03-19,34196,1769,141
2016-03-20,29507,1731,138
2016-03-21,30793,2194,161
2016-03-22,27588,1672,133
2016-03-23,48920,1775,147
2016-03-24,42007,1825,147
2016-03-25,28495,1548,134
2016-03-26,23038,1230,115
2016-03-27,40416,2076,170
2016-03-28,32701,1817,142
2016-03-29,22755,1511,122
2016-03-30,33040,1679,139
2016-03-31,38544,1465,120
2016-04-01,30721,1798,151
2016-04-02,43018,1932,159
2016-04-03,41233,2789,218
2016-04-04,36039,1689,138
2016-04-05,16482,1536,115
2016-04-06,53014,2093,161
2016-04-07,38188,2000,154
2016-04-08,26279,2137,151
2016-04-09,34752,1713,134
2016-04-10,29173,2123,153
2016-04-11,32704,1570,124
2016-04-12,37992,1619,138
2016-04-13,26026,1361,104
2016-04-14,38353,1815,149
2016-04-15,41690,2375,175
2016-04-16,32017,1719,133
2016-04-17,33594,1847,145
2016-04-18,35471,2237,167
2016-04-19,49221,2370,201
2016-04-20,37180,1854,156
2016-04-21,27492,1621,119
2016-04-22,40880,1878,155
2016-04-23,42168,2052,167
2016-04-24,46975,1962,163
2016-04-25,31319,2007,166
2016-04-26,41490,1637,143
2016-04-27,35913,1807,158
2016-04-28,47880,2551,187
2016-04-29,31402,1753,148
2016-04-30,38627,1944,158
2016-05-01,56692,2451,211
2016-05-02,32557,1919,133
2016-05-03,55196,1870,162
2016-05-04,49907,2306,185
2016-05-05,54541,2364,194
2016-05-06,37856,1939,161
2016-05-07,43577,2265,171
2016-05-08,36129,2107,177
2016-05-09,37015,2037,175
2016-05-10,32573,1641,142
2016-05-11,43348,1901,155
2016-05-12,43126,1967,175
2016-05-13,33459,2005,156
2016-05-14,42585,2179,177
2016-05-15,49547,2021,170
2016-05-16,47376,2006,178
2016-05-17,37717,1944,161
2016-05-18,28475,1522,122
2016-05-19,41168,1916,161
2016-05-20,48937,2215,175
2016-05-21,47702,2093,170
2016-05-22,36394,1635,135
2016-05-23,40120,1684,146
2016-05-24,52793,1710,149
2016-05-25,33189,2230,168
2016-05-26,29116,2214,165
2016-05-27,33199,1678,127
2016-05-28,42410,2029,159
2016-05-29,38478,1614,137
2016-05-30,42040,1902,150
2016-05-31,39943,2006,168
2016-06-01,39412,1471,120
2016-06-02,24580,1714,131
2016-06-03,51130,2071,168
2016-06-04,41630,1749,138
2016-06-05,41618,2243,181
2016-06-06,60040,2543,204
2016-06-07,60705,2404,206
2016-06-08,51120,1952,170
2016-06-09,40847,1973,165
2016-06-10,35845,1660,140
2016-06-11,65218,2733,217
2016-06-12,26239,1589,138
2016-06-13,40488,1742,144
2016-06-14,63727,2844,236
2016-06-15,54579,2545,190
2016-06-16,36410,1479,129
2016-06-17,48009,2416,203
2016-06-18,43085,1826,151
2016-06-19,57174,2042,184
2016-06-20,49446,2240,173
2016-06-21,65065,2562,201
2016-06-22,40998,2355,180
2016-06-23,33777,1887,149
2016-06-24,42516,2598,190
2016-06-25,52876,2199,171
2016-06-26,47619,1946,167
2016-06-27,47218,1977,162
2016-06-28,52647,2694,201
2016-06-29,40652,1689,148
2016-06-30,33982,1561,125
2016-07-01,9209,1100,74
2016-07-02,7256,1149,80
2016-07-03,9713,1092,74
2016-07-04,7457,783,50
2016-07-05,5864,771,59
2016-07-06,8907,832,63
2016-07-07,4511,671,56
2016-07-08,12569,1473,102
2016-07-09,5999,887,56
2016-07-10,9798,1008,66
2016-07-11,7660,866,60
2016-07-12,11562,823,55
2016-07-13,3390,513,31
2016-07-14,5854,836,67
2016-07-15,8437,1097,78
2016-07-16,8860,819,59
2016-07-17,11797,1392,83
2016-07-18,8325,1040,71
2016-07-19,7015,1105,82
2016-07-20,10413,1110,76
2016-07-21,5509,640,47
2016-07-22,12340,896,69
2016-07-23,6169,1005,68
2016-07-24,7421,1045,76
2016-07-25,6009,790,53
2016-07-26,6730,870,71
2016-07-27,7253,807,59
2016-07-28,9285,1332,82
2016-07-29,9820,895,61
2016-07-30,6977,843,57
2016-07-31,12530,1267,82
