base,modelo,modelo_base,cenario_sazonal,m,passo,MAE,RMSE,sMAPE_pct,vies_ME,erro_abs_mediano,erro_abs_p90,erro_abs_max,n_previsoes,n_falhas,taxa_falha_pct
brasil_vitorias,Holt-Winters,Holt-Winters,padrao,4,1,2.644506355581009,3.5345566460615303,26.727277108260445,0.13323886538766297,2.0327665841321725,5.139406724515174,9.937255407762834,33.0,0.0,0.0
brasil_vitorias,Kalman,Kalman,padrao,4,1,3.258757895842955,4.2820839464722305,35.930331600234275,-0.003158257500925546,2.65733100895629,6.646250696820833,13.300551068963625,33.0,0.0,0.0
brasil_vitorias,PLS,PLS,padrao,4,1,2.6773833071902144,3.6026267456733705,27.478074245237806,1.035248104472567,2.4004121169977246,5.000489119459073,11.339541112264017,33.0,0.0,0.0
brasil_vitorias,Random Forest,Random Forest,padrao,4,1,2.904827690407236,3.9514066963892107,30.309818370052017,1.1652060373689161,2.175097883597884,5.184200000000001,13.725,33.0,0.0,0.0
brasil_vitorias,SARIMAX,SARIMAX,padrao,4,1,2.8590080286359503,3.5421029501711425,29.289534190244964,0.12240031223772876,2.3964072644726233,5.137763102381233,8.699649980295884,33.0,0.0,0.0
delhi_temperatura,Holt-Winters,Holt-Winters,padrao,30,1,1.462381679222717,1.8453137083842635,6.129025052525083,-0.2009391325461222,1.275729285299576,2.90306389142059,4.7142889328300335,67.0,0.0,0.0
delhi_temperatura,Holt-Winters,Holt-Winters,padrao,30,2,1.4790399155663656,1.9084929880391859,6.302376668625737,-0.09379815166264474,1.2132152677864916,3.269916450025029,6.031038464583737,67.0,0.0,0.0
delhi_temperatura,Holt-Winters,Holt-Winters,padrao,30,3,1.6851412701324906,2.355888622565598,7.006051715484444,-0.23685406288844962,1.2075878812439171,3.3267331023495212,10.71853850944315,67.0,0.0,0.0
delhi_temperatura,Holt-Winters,Holt-Winters,padrao,30,4,1.9539450118907642,2.4299668346095036,8.413692322953121,-0.10039512200070806,1.4217287104945058,3.7353455591790596,7.000846669113329,67.0,0.0,0.0
delhi_temperatura,Holt-Winters,Holt-Winters,padrao,30,5,2.0489315970859687,2.739448521853448,9.24963383658428,0.06781548759316731,1.4217287097889297,5.020932695988714,8.111957782395994,67.0,0.0,0.0
delhi_temperatura,Holt-Winters,Holt-Winters,padrao,30,6,2.066894327559383,2.746419283969631,9.030213153940537,0.28898416404112726,1.4071283318720695,4.815164750075222,7.3224841003296195,67.0,0.0,0.0
delhi_temperatura,Holt-Winters,Holt-Winters,padrao,30,7,2.496340836381209,3.195101352256206,11.033976190007106,0.2859852642284519,1.8820805560113545,5.871906188604391,7.72397219141514,67.0,0.0,0.0
delhi_temperatura,Kalman,Kalman,padrao,30,1,1.8877831466036785,2.432468653711916,7.98904285252762,-0.06664358274924284,1.6182222539225215,3.659892144158941,7.028371775789985,67.0,0.0,0.0
delhi_temperatura,Kalman,Kalman,padrao,30,2,1.8942064306227142,2.4219221128526187,8.247327508085,0.27586217125016693,1.5874931043504183,4.074643972556628,7.222890001653685,67.0,0.0,0.0
delhi_temperatura,Kalman,Kalman,padrao,30,3,2.0678581884920795,2.9661590833747185,9.184573725955039,0.19976780466919705,1.6016878862305326,3.8477796400695237,11.914543493801572,67.0,0.0,0.0
delhi_temperatura,Kalman,Kalman,padrao,30,4,2.0713923344837255,2.7248271330504874,9.240111288129347,0.2349128320422675,1.6047497842944694,4.211375485489454,9.143823158874694,67.0,0.0,0.0
delhi_temperatura,Kalman,Kalman,padrao,30,5,2.0060153801563154,2.6293753259085326,9.033196461689734,0.18633466999064419,1.4986528266588657,4.571032414902828,7.213073913294256,67.0,0.0,0.0
delhi_temperatura,Kalman,Kalman,padrao,30,6,2.0169885450099385,2.5174842490840543,9.04166037796297,0.0477842015555665,1.659854929445352,4.054367811964492,5.987912802468784,67.0,0.0,0.0
delhi_temperatura,Kalman,Kalman,padrao,30,7,2.1972879151588103,2.7689355131388447,9.523366519406737,-0.09789080301631005,1.7193773351322008,4.31948639414339,7.317406599121121,67.0,0.0,0.0
delhi_temperatura,PLS,PLS,padrao,30,1,1.935512087343199,2.559174616431409,8.089685085658402,0.4899653064185119,1.4490039926591898,4.564379329393951,6.8543585716938225,67.0,0.0,0.0
delhi_temperatura,PLS,PLS,padrao,30,2,1.9735034301138406,2.4776905227950023,8.287678211732455,0.6677483825170134,1.8603549732903346,3.5788430761098864,6.680776944847157,67.0,0.0,0.0
delhi_temperatura,PLS,PLS,padrao,30,3,2.0404264490996846,2.6384180089530065,8.25603753376398,0.3058470019940525,1.6637577157101973,3.9648696007939406,9.493122200180096,67.0,0.0,0.0
delhi_temperatura,PLS,PLS,padrao,30,4,1.919376363343258,2.4518876752236745,8.229736982093279,0.3634099424302353,1.5493824896180683,4.052395684528332,6.900017634607064,67.0,0.0,0.0
delhi_temperatura,PLS,PLS,padrao,30,5,1.996163230348434,2.505459937508414,8.674961675447044,0.42905919579933965,1.8900788873792926,4.380795176843204,7.230807308226058,67.0,0.0,0.0
delhi_temperatura,PLS,PLS,padrao,30,6,1.8730419138473646,2.2787856994137576,7.850505039593875,0.5457447437057271,1.7235229689679628,3.7033132087774128,5.27442133570135,67.0,0.0,0.0
delhi_temperatura,PLS,PLS,padrao,30,7,2.130862938429768,2.679336279288353,9.140825701378684,0.6627957898787211,1.4975559281400699,4.2408787496573055,6.94096122342156,67.0,0.0,0.0
delhi_temperatura,Random Forest,Random Forest,padrao,30,1,1.9268484618955728,2.393254814126599,8.248422895295244,0.7647128783438001,1.7794772779193977,4.24943216930197,5.959374727697352,67.0,0.0,0.0
delhi_temperatura,Random Forest,Random Forest,padrao,30,2,1.9415996212525397,2.3719384379793005,8.320611145606438,0.9162998774450947,1.7143354950687346,3.7645714364357232,5.5783245607473795,67.0,0.0,0.0
delhi_temperatura,Random Forest,Random Forest,padrao,30,3,2.0663907670969888,2.501608309039463,8.56130847867263,0.7776451873660021,1.6315009756397494,4.1226373595077614,7.70335540994418,67.0,0.0,0.0
delhi_temperatura,Random Forest,Random Forest,padrao,30,4,1.7732618335362633,2.228974770893324,7.842840351341727,0.84770527469453,1.6445591512654012,3.943432349823802,5.218271556529892,67.0,0.0,0.0
delhi_temperatura,Random Forest,Random Forest,padrao,30,5,1.987146719104038,2.547658393454986,8.925169579874577,0.9449070086475218,1.4628935845239361,4.355293981348973,6.4613804251566975,67.0,0.0,0.0
delhi_temperatura,Random Forest,Random Forest,padrao,30,6,2.069031289025408,2.4556426106595866,8.848363269287777,1.140120234183589,1.8097062353639082,3.619917738708346,6.195776474200962,67.0,0.0,0.0
delhi_temperatura,Random Forest,Random Forest,padrao,30,7,2.3844894886269947,2.9464658604330425,10.361191077466888,1.2763725141201854,2.1712207465539244,4.682748167888107,7.309240978752271,67.0,0.0,0.0
delhi_temperatura,SARIMAX,SARIMAX,padrao,30,1,1.448288952268338,1.809878890205264,6.0759816880513196,-0.15796011479682415,1.3109475499200052,2.904729878208826,4.394380411969891,67.0,0.0,0.0
delhi_temperatura,SARIMAX,SARIMAX,padrao,30,2,1.4513252029511774,1.849108309582117,6.120031793803005,-0.0007507796528497452,1.07960248819046,3.013531265073969,5.483580335920834,67.0,0.0,0.0
delhi_temperatura,SARIMAX,SARIMAX,padrao,30,3,1.6493625676185428,2.247643703196478,6.755565918600224,-0.10625467344271228,1.1469485049317782,3.428154058971149,9.936691673628978,67.0,0.0,0.0
delhi_temperatura,SARIMAX,SARIMAX,padrao,30,4,1.8377092598968094,2.2596204550791557,7.932000164609596,0.04503023966653692,1.5654036003571896,3.966552400513095,6.238625986464079,67.0,0.0,0.0
delhi_temperatura,SARIMAX,SARIMAX,padrao,30,5,1.93511811753147,2.5856797887322327,8.741205925118715,0.22525327408552104,1.4909852644698276,4.243404034236908,7.2015902500031785,67.0,0.0,0.0
delhi_temperatura,SARIMAX,SARIMAX,padrao,30,6,2.032733385142681,2.5698442726872774,8.7591036184627,0.4417610810715769,1.6739655403840477,4.020409652113932,7.348359064655561,67.0,0.0,0.0
delhi_temperatura,SARIMAX,SARIMAX,padrao,30,7,2.422118465904577,2.9970373877210985,10.677799177142912,0.43285964855694925,2.0315020730100244,4.776293629902215,8.358046752580798,67.0,0.0,0.0
microsoft_open,Holt-Winters,Holt-Winters,padrao,30,1,2.615845436159464,3.636916339787517,1.4229989652686794,0.1348374916260802,1.8023739396448377,6.080885438558114,17.57862029936544,453.0,0.0,0.0
microsoft_open,Kalman,Kalman,padrao,30,1,2.461135242847564,3.6045523002091677,1.3532372464208753,0.999864281065741,1.5771071700995094,6.078866812779053,18.97248838710763,453.0,0.0,0.0
microsoft_open,Kalman | Fourier+ACF m=176,Kalman,fourier_acf,176,1,2.3351957497220335,3.4166224382468298,1.2847569324853136,0.827773131073895,1.4487502930798257,5.734386269560674,18.496107423656156,453.0,0.0,0.0
microsoft_open,PLS,PLS,padrao,30,1,2.4949676731214083,3.538118940910437,1.3664243631953128,0.9665937642922486,1.6472515971846917,6.146441383461327,13.98357101255425,453.0,0.0,0.0
microsoft_open,PLS | Fourier+ACF m=176,PLS,fourier_acf,176,1,2.41477908475491,3.44351431664956,1.3217414731058663,0.8962659312805097,1.595689636274301,6.060571565644023,13.837121204279384,453.0,0.0,0.0
microsoft_open,Random Forest,Random Forest,padrao,30,1,2.321319901965061,3.419080881759019,1.2788996827376715,0.6077131936305481,1.4730011676284676,5.460656522847603,15.701645424483019,453.0,0.0,0.0
microsoft_open,Random Forest | Fourier+ACF m=176,Random Forest,fourier_acf,176,1,2.341081599994776,3.4281872793511727,1.291311670139176,0.6412925028907661,1.4486496651034315,5.451405309644112,15.657878425324668,453.0,0.0,0.0
microsoft_open,SARIMAX,SARIMAX,padrao,30,1,1.5025858420089313,2.3951196355886637,0.839261364616031,-0.014173667798437956,0.914734100787058,3.628128913890459,18.977417472887822,453.0,0.0,0.0
pilgrims_close,Holt-Winters,Holt-Winters,padrao,1,1,0.3557455615840201,0.5024509810674611,1.545647891093553,-0.021273834481401063,0.25790976946524324,0.7456298748554773,2.7900009113550084,585.0,0.0,0.0
pilgrims_close,Holt-Winters,Holt-Winters,padrao,1,2,0.5077641232075549,0.714856456893695,2.1648621736163665,-0.0237962785951079,0.34893989438634776,1.1474563729967955,3.8544845319751033,585.0,0.0,0.0
pilgrims_close,Holt-Winters,Holt-Winters,padrao,1,3,0.6337443916457288,0.8868128081814494,2.7182428984519778,-0.007792281900918089,0.4493484375884549,1.4198059055017824,3.98155785212856,585.0,0.0,0.0
pilgrims_close,Holt-Winters,Holt-Winters,padrao,1,4,0.7412416779095331,1.0093809567782093,3.1986398145375796,-0.003139927652349546,0.5252285050372869,1.6688663466755365,4.083213812211568,585.0,0.0,0.0
pilgrims_close,Holt-Winters,Holt-Winters,padrao,1,5,0.842015763210664,1.1652174711873597,3.5826363722657835,0.0143288475833402,0.6014709552183355,1.8721801808306018,6.902736672508702,585.0,0.0,0.0
pilgrims_close,Kalman,Kalman,padrao,1,1,0.7493421359832885,1.017799511072143,3.281930764393631,0.04125150840238919,0.5762219363335852,1.5632464869180993,4.777853515621871,585.0,0.0,0.0
pilgrims_close,Kalman,Kalman,padrao,1,2,0.8314903310074228,1.1188091636132356,3.5521255834166197,0.029198771805639828,0.6315081049055067,1.780767076919058,4.189108294946571,585.0,0.0,0.0
pilgrims_close,Kalman,Kalman,padrao,1,3,0.8731316199221577,1.2184104220744194,3.7026222551063306,0.018228066468698678,0.6133423846323289,1.9279420480965832,5.105028909711784,585.0,0.0,0.0
pilgrims_close,Kalman,Kalman,padrao,1,4,0.8964944591845303,1.2136988331408833,3.866476917577798,0.015131011402758389,0.6690880025091275,1.9053842882809873,5.386694586450069,585.0,0.0,0.0
pilgrims_close,Kalman,Kalman,padrao,1,5,0.950935351583498,1.2888510537902098,4.050741250143333,0.04662315352510791,0.7462452688517516,1.9577626557311611,7.1477159029644355,585.0,0.0,0.0
pilgrims_close,Kalman | Fourier+ACF m=2275,Kalman,fourier_acf,2275,1,0.7256964852360074,0.981539134541333,3.1878351135187435,0.06594296242856175,0.5706883385741826,1.611442816869453,4.561001952624984,585.0,0.0,0.0
pilgrims_close,Kalman | Fourier+ACF m=2275,Kalman,fourier_acf,2275,2,0.8257119434830317,1.1070260424514677,3.5500791052883276,0.055972168063323176,0.6397753468357656,1.74921316076771,5.044163983352064,585.0,0.0,0.0
pilgrims_close,Kalman | Fourier+ACF m=2275,Kalman,fourier_acf,2275,3,0.8824739940874318,1.228676388909547,3.7658014633325076,0.05112623918588057,0.6156612314308845,2.027102475468961,5.070304387942258,585.0,0.0,0.0
pilgrims_close,Kalman | Fourier+ACF m=2275,Kalman,fourier_acf,2275,4,0.9153352790376112,1.2365006244030754,3.9736768704130316,0.05667145938368493,0.670631092559308,2.1009145676673926,5.1432623910550035,585.0,0.0,0.0
pilgrims_close,Kalman | Fourier+ACF m=2275,Kalman,fourier_acf,2275,5,0.9805311965984734,1.3225663130211867,4.236070805432777,0.09527496247059475,0.7373419362721094,2.158891137132797,7.093411262285066,585.0,0.0,0.0
pilgrims_close,PLS,PLS,padrao,1,1,0.8185013718273125,1.1500324537175686,3.525069108718229,0.03616225482271749,0.6085924312544577,1.7174747281110991,7.026685077835971,585.0,0.0,0.0
pilgrims_close,PLS,PLS,padrao,1,2,0.8216281309989831,1.1438595865717518,3.4935305429145984,0.034832820989375034,0.6317533212073521,1.7437041892848821,6.180030583558896,585.0,0.0,0.0
pilgrims_close,PLS,PLS,padrao,1,3,0.818082941415228,1.1783556750700688,3.404731107108236,0.035036489846165114,0.5723806304360011,1.80010194379151,6.9755037274262435,585.0,0.0,0.0
pilgrims_close,PLS,PLS,padrao,1,4,0.8327939509630684,1.1790039754128303,3.5257176831936796,0.03681245635573074,0.6022057427540091,1.83940052353736,7.380081551273506,585.0,0.0,0.0
pilgrims_close,PLS,PLS,padrao,1,5,0.8551940200880596,1.1980384784023557,3.622760684487938,0.043406988516335863,0.6174335047363044,1.8515846398614433,7.858436573077405,585.0,0.0,0.0
pilgrims_close,PLS | Fourier+ACF m=2275,PLS,fourier_acf,2275,1,0.8177968611620455,1.1493369931038924,3.5276833438293553,0.026787064372590468,0.6198901186251398,1.7212497875342572,7.118865567566033,585.0,0.0,0.0
pilgrims_close,PLS | Fourier+ACF m=2275,PLS,fourier_acf,2275,2,0.8233650505109161,1.1459212702514574,3.505450813109935,0.024652766936077014,0.6126664347462487,1.7355199018863432,6.277723325339437,585.0,0.0,0.0
pilgrims_close,PLS | Fourier+ACF m=2275,PLS,fourier_acf,2275,3,0.8210725847998581,1.1801191364239634,3.4219014271766546,0.023275789656083824,0.5801018517834535,1.824547653843668,7.052295872393131,585.0,0.0,0.0
pilgrims_close,PLS | Fourier+ACF m=2275,PLS,fourier_acf,2275,4,0.8361966999450537,1.181035173607545,3.54080267681727,0.027405112080000286,0.6026693557547986,1.8551677395121975,7.453150530453044,585.0,0.0,0.0
pilgrims_close,PLS | Fourier+ACF m=2275,PLS,fourier_acf,2275,5,0.8532462130189209,1.1973945606663572,3.6178957502907303,0.032815955974198285,0.6125232566874761,1.8790413015086653,7.966083138004983,585.0,0.0,0.0
pilgrims_close,Random Forest,Random Forest,padrao,1,1,0.6954739754759831,0.9341470269712543,3.0622099984398345,0.015951381485171275,0.5496400520788924,1.5151856327469952,4.353399364352409,585.0,0.0,0.0
pilgrims_close,Random Forest,Random Forest,padrao,1,2,0.8117484466255545,1.0784738490523598,3.497805501941029,0.02515954331200477,0.6310048996191,1.745503636782658,4.409648537141319,585.0,0.0,0.0
pilgrims_close,Random Forest,Random Forest,padrao,1,3,0.8856857713964403,1.218883839293962,3.7310188752734184,0.03975959219796059,0.6369111317228189,2.064144881990363,5.060856929584567,585.0,0.0,0.0
pilgrims_close,Random Forest,Random Forest,padrao,1,4,0.9383680432355784,1.2730488518634797,3.9648846079338886,0.07139849976868982,0.7032019851930258,2.1445170862852474,5.52434724082643,585.0,0.0,0.0
pilgrims_close,Random Forest,Random Forest,padrao,1,5,0.976431519047379,1.3580052381240633,4.048917316869825,0.0782234420993925,0.6857941129844143,2.2603097648779307,7.616211582448734,585.0,0.0,0.0
pilgrims_close,Random Forest | Fourier+ACF m=2275,Random Forest,fourier_acf,2275,1,0.6657963143109227,0.899854273278044,2.9185547376245933,0.011337988728301477,0.49316750030840595,1.4421100165182106,3.7939345100130026,585.0,0.0,0.0
pilgrims_close,Random Forest | Fourier+ACF m=2275,Random Forest,fourier_acf,2275,2,0.786920220191008,1.0382659831910475,3.3869798312205575,0.018183741482207916,0.5750453410317604,1.6833308368596325,3.8828592013095005,585.0,0.0,0.0
pilgrims_close,Random Forest | Fourier+ACF m=2275,Random Forest,fourier_acf,2275,3,0.8877572757895528,1.202026248306725,3.7329605186532993,0.03173306407999953,0.6392764832437905,2.0167922762531205,4.954259156896722,585.0,0.0,0.0
pilgrims_close,Random Forest | Fourier+ACF m=2275,Random Forest,fourier_acf,2275,4,0.9300246680346027,1.254387715941741,3.923082050990291,0.061856864477323165,0.7164523907594322,2.0575611100617954,5.619636682019703,585.0,0.0,0.0
pilgrims_close,Random Forest | Fourier+ACF m=2275,Random Forest,fourier_acf,2275,5,0.9731538868198093,1.34861832533515,4.030725496006612,0.07609859326804755,0.729504124756204,2.1765839325170036,7.919473971941571,585.0,0.0,0.0
pilgrims_close,SARIMAX,SARIMAX,padrao,1,1,0.3566157652159673,0.5035138252460749,1.550196931104736,-0.021456083717599782,0.2553114305074118,0.752851033208225,2.7928288178679033,585.0,0.0,0.0
pilgrims_close,SARIMAX,SARIMAX,padrao,1,2,0.5091666126591204,0.7159541793359655,2.1716586788446794,-0.023952289994081565,0.3499979256310368,1.153599613499459,3.867046983835131,585.0,0.0,0.0
pilgrims_close,SARIMAX,SARIMAX,padrao,1,3,0.6347894610494534,0.8882313456690158,2.7237281288309934,-0.007749580542981674,0.4515031902922626,1.4320107895569236,3.964455518213434,585.0,0.0,0.0
pilgrims_close,SARIMAX,SARIMAX,padrao,1,4,0.742519855355493,1.0105335177844936,3.2052796981332246,-0.0033244949001523575,0.5233014627039445,1.6426666614957885,4.078709489150302,585.0,0.0,0.0
pilgrims_close,SARIMAX,SARIMAX,padrao,1,5,0.8437173025086393,1.1660110399758128,3.5904452802619025,0.014608804130977255,0.6146694930441541,1.8876298237785056,6.900327399899702,585.0,0.0,0.0
sales_profit,Holt-Winters,Holt-Winters,padrao,12,1,5425.5731184081305,8241.069969618487,36.93191175765002,-450.0573235397567,3824.153821207132,10043.520558404518,35529.60964293867,87.0,0.0,0.0
sales_profit,Holt-Winters,Holt-Winters,padrao,12,2,5955.062999879557,8578.332719009017,39.05190613474267,945.6323316326568,4294.900410178309,14079.69225874001,37482.60964293867,87.0,0.0,0.0
sales_profit,Holt-Winters,Holt-Winters,padrao,12,3,4775.2011978573255,7063.535720209803,33.34516568204041,725.9541707131166,3530.7302898742273,10366.847986269706,35025.60964293867,87.0,0.0,0.0
sales_profit,Holt-Winters,Holt-Winters,padrao,12,4,4890.673206268998,7879.280249603704,40.097000232030275,-651.655024689182,3190.3901184024,8333.97395743067,37281.60964293867,87.0,0.0,0.0
sales_profit,Holt-Winters,Holt-Winters,padrao,12,5,6936.427192456785,10347.735631754256,42.17328345877229,297.4944005981743,4482.343629853305,15994.498723510802,40364.79154476321,87.0,0.0,0.0
sales_profit,Holt-Winters,Holt-Winters,padrao,12,6,5657.116585394119,8057.152787274621,39.77575207447625,794.0346304832315,3617.745317428593,12753.994315411263,35831.60964293867,87.0,0.0,0.0
sales_profit,Holt-Winters,Holt-Winters,padrao,12,7,6166.831990671191,8929.09272470258,40.052916444219335,-463.8504269880324,3896.0427495595177,13563.116824101528,40227.60964293867,87.0,0.0,0.0
sales_profit,Kalman,Kalman,padrao,12,1,5924.744544512568,9301.508085806192,42.01878093046906,-574.9952283241018,3753.2252901558913,11634.394278038995,46228.620838101815,87.0,0.0,0.0
sales_profit,Kalman,Kalman,padrao,12,2,6838.0267323806775,10305.47965240396,44.98596100582331,527.9213468346111,4307.265284697867,13970.854383886695,48859.72209354611,87.0,0.0,0.0
sales_profit,Kalman,Kalman,padrao,12,3,5350.922938765527,7868.932332518757,39.90558550885868,443.56877603476795,4109.628638711198,10473.650174572165,43388.44198419554,87.0,0.0,0.0
sales_profit,Kalman,Kalman,padrao,12,4,6385.952614022692,9779.661723023493,48.854383898625784,-109.95745572200542,4154.495662528523,15169.568812299476,44146.23348154367,87.0,0.0,0.0
sales_profit,Kalman,Kalman,padrao,12,5,7892.454039391664,11556.011992044152,49.74455288534867,343.07690253708745,5195.048464294225,18642.063520302847,47077.32517949486,87.0,0.0,0.0
sales_profit,Kalman,Kalman,padrao,12,6,7140.634682713949,9915.073682707734,47.46644388774711,453.48045462543297,5059.414968012554,14494.060350658765,43086.8097299248,87.0,0.0,0.0
sales_profit,Kalman,Kalman,padrao,12,7,7415.517487969324,10543.768664118128,46.821511757750436,-495.4101739756053,5607.87261416408,16677.80069681693,44599.36333502694,87.0,0.0,0.0
sales_profit,PLS,PLS,padrao,12,1,5329.910154745611,8260.833871537881,37.92007558564811,-35.83515351898686,3104.116112807922,11116.195967912054,37872.07068178535,87.0,0.0,0.0
sales_profit,PLS,PLS,padrao,12,2,6496.242882511593,9417.722735612177,40.76100888511324,1172.4922985534104,4006.3642627339286,14853.582039219444,37673.60304726248,87.0,0.0,0.0
sales_profit,PLS,PLS,padrao,12,3,5113.782193999665,7282.587879930903,36.52621146819825,910.4498772552995,3289.5240189747965,10665.186381853884,35769.39625997549,87.0,0.0,0.0
sales_profit,PLS,PLS,padrao,12,4,5361.04507151245,8307.442075935198,42.111603871948255,-105.93333124365431,3302.9311930469958,10317.410602839524,37320.70274835877,87.0,0.0,0.0
sales_profit,PLS,PLS,padrao,12,5,7091.06288862616,10333.685110667577,44.8977141022649,754.633498743392,4827.746789038109,15703.300187668823,42081.48643051715,87.0,0.0,0.0
sales_profit,PLS,PLS,padrao,12,6,6125.712065339921,8364.02777199064,42.07924878783616,1150.5885940155038,3930.7800010222563,12175.74855658545,35542.96178142595,87.0,0.0,0.0
sales_profit,PLS,PLS,padrao,12,7,6301.551838135691,8976.950446526555,39.980770604966324,14.819269885684045,4072.4546912498336,14013.347199230117,37781.10181298242,87.0,0.0,0.0
sales_profit,Random Forest,Random Forest,padrao,12,1,4767.890473277702,7592.002754898445,29.43425643073582,1016.3619480705994,2711.530664971273,10060.380073542405,31188.20641083364,87.0,0.0,0.0
sales_profit,Random Forest,Random Forest,padrao,12,2,6132.936509483573,8749.791946689184,34.94722481188018,2070.4456181868036,4353.280356497016,14769.312058704783,31728.902406010755,87.0,0.0,0.0
sales_profit,Random Forest,Random Forest,padrao,12,3,4938.148610060586,7153.787354589195,28.67224603979202,2148.523358985408,3338.5487740809767,10469.37049741321,28696.667675330216,87.0,0.0,0.0
sales_profit,Random Forest,Random Forest,padrao,12,4,4708.349338018623,7647.456639867887,38.53113818446255,1085.8249086892924,2996.4628394715037,10675.415165661843,32565.314552183612,87.0,0.0,0.0
sales_profit,Random Forest,Random Forest,padrao,12,5,6766.474278353288,10097.062903631158,41.2411134281892,1980.616190344945,4517.253352652679,15662.514773510367,38524.984483990236,87.0,0.0,0.0
sales_profit,Random Forest,Random Forest,padrao,12,6,5308.469958444709,7207.756965835183,38.16720617205159,2254.8028007180146,3835.8405850109157,12529.381452680727,25358.362331760472,87.0,0.0,0.0
sales_profit,Random Forest,Random Forest,padrao,12,7,5732.43830422399,8083.210575848412,36.50047721735246,1268.1902993687497,3982.401166867421,12943.217369041906,28245.41166152543,87.0,0.0,0.0
sales_profit,SARIMAX,SARIMAX,padrao,12,1,5474.292808988097,8279.281823394638,37.58840542142315,-468.8145799664575,3863.628449978918,10430.5126698636,34925.275918552186,87.0,0.0,0.0
sales_profit,SARIMAX,SARIMAX,padrao,12,2,6002.155970726573,8600.70649023054,39.34519332019899,1049.6027075822699,4189.641012491571,14828.256604939093,37130.3969731542,87.0,0.0,0.0
sales_profit,SARIMAX,SARIMAX,padrao,12,3,4722.303802383092,6999.657419458821,33.534979383115136,795.0168042285258,3802.269414955883,9276.016716785274,35656.89050107993,87.0,0.0,0.0
sales_profit,SARIMAX,SARIMAX,padrao,12,4,4934.399841328215,7960.946671496752,40.38375530782184,-717.210828813215,3281.474528837265,8864.849944648382,37535.18809200459,87.0,0.0,0.0
sales_profit,SARIMAX,SARIMAX,padrao,12,5,6997.917245720158,10341.411304772988,42.56231474346931,367.0490010307939,4502.010519620036,16081.815729092428,39869.35876708311,87.0,0.0,0.0
sales_profit,SARIMAX,SARIMAX,padrao,12,6,5653.613836854039,8077.899275435336,39.73701792678153,832.3023277350485,3800.740840356535,12890.434636665215,36817.46075328348,87.0,0.0,0.0
sales_profit,SARIMAX,SARIMAX,padrao,12,7,6256.909181181702,9022.596225152238,40.40600788395171,-544.8737329570287,4112.277600268375,14608.415100904553,41362.85668659533,87.0,0.0,0.0
