base,modelo,modelo_base,cenario_sazonal,m,MAE,RMSE,sMAPE_pct,vies_ME,erro_abs_mediano,erro_abs_p90,erro_abs_max,n_previsoes,n_falhas,taxa_falha_pct
brasil_vitorias,Holt-Winters,Holt-Winters,padrao,4,2.644506355581009,3.5345566460615303,26.727277108260445,0.13323886538766297,2.0327665841321725,5.139406724515174,9.937255407762834,33.0,0.0,0.0
brasil_vitorias,Kalman,Kalman,padrao,4,3.258757895842955,4.2820839464722305,35.930331600234275,-0.003158257500925546,2.65733100895629,6.646250696820833,13.300551068963625,33.0,0.0,0.0
brasil_vitorias,PLS,PLS,padrao,4,2.6773833071902144,3.6026267456733705,27.478074245237806,1.035248104472567,2.4004121169977246,5.000489119459073,11.339541112264017,33.0,0.0,0.0
brasil_vitorias,Random Forest,Random Forest,padrao,4,2.904827690407236,3.9514066963892107,30.309818370052017,1.1652060373689161,2.175097883597884,5.184200000000001,13.725,33.0,0.0,0.0
brasil_vitorias,SARIMAX,SARIMAX,padrao,4,2.8590080286359503,3.5421029501711425,29.289534190244964,0.12240031223772876,2.3964072644726233,5.137763102381233,8.699649980295884,33.0,0.0,0.0
delhi_temperatura,Holt-Winters,Holt-Winters,padrao,30,1.884667805405557,2.5002442145123265,8.1664241343029,0.0015426352521174392,1.392139076904293,4.130688291453483,10.71853850944315,469.0,0.0,0.0
delhi_temperatura,Kalman,Kalman,padrao,30,2.020218848646752,2.6436916426443866,8.89418267625092,0.11144675624889848,1.6159221864873032,4.197160430618079,11.914543493801572,469.0,0.0,0.0
delhi_temperatura,PLS,PLS,padrao,30,1.9812694875036503,2.5159594723581074,8.361347175666818,0.49493862324908583,1.6280538356848986,4.121487771593456,9.493122200180096,469.0,0.0,0.0
delhi_temperatura,Random Forest,Random Forest,padrao,30,2.021252597219686,2.5009294902885366,8.729700971077897,0.9525375678286748,1.6836414953677803,4.161812574833825,7.70335540994418,469.0,0.0,0.0
delhi_temperatura,SARIMAX,SARIMAX,padrao,30,1.8252365644733708,2.3641586426835492,7.865955469398352,0.12570552506974256,1.4389972019301922,3.9015789385115047,9.936691673628978,469.0,0.0,0.0
microsoft_open,Holt-Winters,Holt-Winters,padrao,30,2.615845436159464,3.636916339787517,1.4229989652686794,0.1348374916260802,1.8023739396448377,6.080885438558114,17.57862029936544,453.0,0.0,0.0
microsoft_open,Kalman,Kalman,padrao,30,2.461135242847564,3.6045523002091677,1.3532372464208753,0.999864281065741,1.5771071700995094,6.078866812779053,18.97248838710763,453.0,0.0,0.0
microsoft_open,Kalman | Fourier+ACF m=176,Kalman,fourier_acf,176,2.3351957497220335,3.4166224382468298,1.2847569324853136,0.827773131073895,1.4487502930798257,5.734386269560674,18.496107423656156,453.0,0.0,0.0
microsoft_open,PLS,PLS,padrao,30,2.4949676731214083,3.538118940910437,1.3664243631953128,0.9665937642922486,1.6472515971846917,6.146441383461327,13.98357101255425,453.0,0.0,0.0
microsoft_open,PLS | Fourier+ACF m=176,PLS,fourier_acf,176,2.41477908475491,3.44351431664956,1.3217414731058663,0.8962659312805097,1.595689636274301,6.060571565644023,13.837121204279384,453.0,0.0,0.0
microsoft_open,Random Forest,Random Forest,padrao,30,2.321319901965061,3.419080881759019,1.2788996827376715,0.6077131936305481,1.4730011676284676,5.460656522847603,15.701645424483019,453.0,0.0,0.0
microsoft_open,Random Forest | Fourier+ACF m=176,Random Forest,fourier_acf,176,2.341081599994776,3.4281872793511727,1.291311670139176,0.6412925028907661,1.4486496651034315,5.451405309644112,15.657878425324668,453.0,0.0,0.0
microsoft_open,SARIMAX,SARIMAX,padrao,30,1.5025858420089313,2.3951196355886637,0.839261364616031,-0.014173667798437956,0.914734100787058,3.628128913890459,18.977417472887822,453.0,0.0,0.0
pilgrims_close,Holt-Winters,Holt-Winters,padrao,1,0.6161023035115002,0.8861710185014727,2.642005829993052,-0.008334695009287279,0.4235687255859375,1.4147224490902943,6.902736672508702,2925.0,0.0,0.0
pilgrims_close,Kalman,Kalman,padrao,1,0.8602787795361794,1.1752766178535912,3.690779354127542,0.030086502320918803,0.641137827118353,1.8497804705747192,7.1477159029644355,2925.0,0.0,0.0
pilgrims_close,Kalman | Fourier+ACF m=2275,Kalman,fourier_acf,2275,0.865949779688511,1.1812439922770708,3.7426926715970774,0.06499755830640905,0.6356338935029946,1.9155214841773216,7.093411262285066,2925.0,0.0,0.0
pilgrims_close,PLS,PLS,padrao,1,0.8292400830585303,1.1700306034576597,3.5143618252845363,0.037250202106064854,0.6048572741028728,1.8017260886915112,7.858436573077405,2925.0,0.0,0.0
pilgrims_close,PLS | Fourier+ACF m=2275,PLS,fourier_acf,2275,0.8303354818873588,1.1709304055064447,3.5227468022447894,0.026987337803789972,0.6044196160459023,1.8129375289731313,7.966083138004983,2925.0,0.0,0.0
pilgrims_close,Random Forest,Random Forest,padrao,1,0.8615415511561871,1.1820529540409221,3.660967260091599,0.046098491772643795,0.6369111317228189,1.9250967886173098,7.616211582448734,2925.0,0.0,0.0
pilgrims_close,Random Forest | Fourier+ACF m=2275,Random Forest,fourier_acf,2275,0.8487304730291791,1.159729364631429,3.598460526899071,0.03984205040717591,0.6270640269703591,1.878721179363709,7.919473971941571,2925.0,0.0,0.0
pilgrims_close,SARIMAX,SARIMAX,padrao,1,0.6173617993577346,0.8872238971604566,2.6482617434351075,-0.008374729004767621,0.4199909020457113,1.4146181059856229,6.900327399899702,2925.0,0.0,0.0
sales_profit,Holt-Winters,Holt-Winters,padrao,12,5686.6980415623,8495.390861546575,38.77541939770446,171.0789654586012,3755.4242355666356,12874.787586689836,40364.79154476321,609.0,0.0,0.0
sales_profit,Kalman,Kalman,padrao,12,6706.893291393772,9952.056499202214,45.68531712494616,83.95494600145543,4406.982582485645,14534.768748983957,48859.72209354611,609.0,0.0,0.0
sales_profit,PLS,PLS,padrao,12,5974.186727838727,8753.058287645246,40.61094761513932,551.6021505272356,3704.653563911481,12904.46966675074,42081.48643051715,609.0,0.0,0.0
sales_profit,Random Forest,Random Forest,padrao,12,5479.243924551781,8133.689766169296,35.35623746920912,1689.2521606234018,3589.5192158950304,13109.850177704842,38524.984483990236,609.0,0.0,0.0
sales_profit,SARIMAX,SARIMAX,padrao,12,5720.227526740267,8523.036201622579,39.079667712394524,187.58167126284815,3863.628449978918,13062.112479604788,41362.85668659533,609.0,0.0,0.0
