base,modelo,modelo_base,cenario_sazonal,m,MAE,RMSE,sMAPE_pct,vies_ME,erro_abs_mediano,erro_abs_p90,erro_abs_max,n_previsoes,n_falhas,taxa_falha_pct,MAE_ingenuo,RMSE_ingenuo,skill_MAE_pct,skill_RMSE_pct,segundos,posicao
brasil_vitorias,Holt-Winters,Holt-Winters,padrao,4,2.644506355581009,3.5345566460615303,26.727277108260445,0.13323886538766286,2.0327665841321725,5.139406724515172,9.937255407762834,33.0,0.0,0.0,3.8181818181818183,4.954336943068623,30.73911925859263,28.657322126494435,0.7,1
brasil_vitorias,PLS,PLS,padrao,4,2.677383307190214,3.6026267456733705,27.478074245237806,1.035248104472567,2.4004121169977246,5.000489119459071,11.339541112264017,33.0,0.0,0.0,3.8181818181818183,4.954336943068623,29.8780562402563,27.28337238520617,1.0,2
brasil_vitorias,SARIMAX,SARIMAX,padrao,4,2.8590080286359503,3.542102950171142,29.28953419024497,0.12240031223772908,2.3964072644726233,5.137763102381232,8.699649980295884,33.0,0.0,0.0,3.8181818181818183,4.954336943068623,25.121218297629877,28.50500499109715,2.7,3
brasil_vitorias,Random Forest,Random Forest,padrao,4,2.904827690407236,3.9514066963892107,30.30981837005202,1.1652060373689161,2.175097883597884,5.184200000000001,13.725,33.0,0.0,0.0,3.8181818181818183,4.954336943068623,23.921179536953353,20.24348077662671,16.2,4
brasil_vitorias,Kalman,Kalman,padrao,4,3.275616311350807,4.305268722186397,36.10084134814805,0.0034673527954698895,2.549552589265671,6.882094814842822,13.465069275404957,33.0,0.0,0.0,3.8181818181818183,4.954336943068623,14.210048988431245,13.10101085858334,3.5,5
delhi_temperatura,Holt-Winters,Holt-Winters,padrao,30,1.884667805405557,2.5002442145123265,8.1664241343029,0.0015426352521174544,1.392139076904293,4.130688291453483,10.71853850944315,469.0,0.0,0.0,1.9441356036424355,2.6109064442614356,3.0588297506337847,4.238460171268709,9.7,1
delhi_temperatura,Kalman,Kalman,padrao,30,1.9296516100269254,2.474316384622488,8.287622258363541,0.07520906346614818,1.5613233631362426,3.9985859053827046,9.64170758909674,469.0,0.0,0.0,1.9441356036424355,2.6109064442614356,0.7450094318716016,5.231518729411455,35.6,2
delhi_temperatura,PLS,PLS,padrao,30,1.9812694875036498,2.5159594723581074,8.361347175666818,0.49493862324908594,1.6280538356848986,4.121487771593456,9.493122200180096,469.0,0.0,0.0,1.9441356036424355,2.6109064442614356,-1.9100459757869892,3.6365520531007167,3.2,3
delhi_temperatura,Random Forest,Random Forest,padrao,30,2.021252597219686,2.5009294902885366,8.729700971077897,0.9525375678286746,1.6836414953677803,4.161812574833825,7.70335540994418,469.0,0.0,0.0,1.9441356036424355,2.6109064442614356,-3.966646844632038,4.212213509780083,146.9,4
delhi_temperatura,SARIMAX,SARIMAX,padrao,30,2.0259009515739987,5.060863048237472,8.101467170592876,-0.08964005501229348,1.4334467835280833,3.9121254616129915,96.9342791358275,469.0,0.0,0.0,1.9441356036424355,2.6109064442614356,-4.205743044794397,-93.83548036969482,4848.6,5
microsoft_open,SARIMAX,SARIMAX,padrao,30,1.5025858420089313,2.3951196355886637,0.839261364616031,-0.014173667798438521,0.914734100787058,3.628128913890459,18.977417472887822,453.0,0.0,0.0,2.5417439293598236,3.5318933818742537,40.88366555527173,32.185958730224854,1142.4,1
microsoft_open,Kalman | Fourier+ACF m=176,Kalman,fourier_acf,176,2.1754781683585462,3.2585631365062646,1.2036584129525412,0.565552352642441,1.4430955986169351,5.027979506146084,18.51825662164711,453.0,0.0,0.0,2.5417439293598236,3.5318933818742537,14.410018128518832,7.738915528161905,97.6,2
microsoft_open,Kalman,Kalman,padrao,30,2.2042096830399647,3.3482994720118584,1.2285220571077669,0.4078137604264811,1.4904078437085957,4.836282102764142,19.38257612202392,453.0,0.0,0.0,2.5417439293598236,3.5318933818742537,13.279632240721906,5.198172481779972,103.7,3
microsoft_open,Random Forest,Random Forest,padrao,30,2.3213199019650617,3.41908088175902,1.2788996827376717,0.6077131936305474,1.4730011676284676,5.460656522847603,15.701645424483047,453.0,0.0,0.0,2.5417439293598236,3.5318933818742537,8.672157129938697,3.194108312957278,425.4,4
microsoft_open,Random Forest | Fourier+ACF m=176,Random Forest,fourier_acf,176,2.341081599994776,3.4281872793511727,1.291311670139176,0.6412925028907664,1.44864966510346,5.4514053096440955,15.657878425324668,453.0,0.0,0.0,2.5417439293598236,3.5318933818742537,7.894671333614134,2.9362750035236806,684.5,5
microsoft_open,PLS | Fourier+ACF m=176,PLS,fourier_acf,176,2.4147790847549104,3.4435143166495608,1.3217414731058665,0.8962659312805102,1.5956896362743294,6.060571565644023,13.837121204279384,453.0,0.0,0.0,2.5417439293598236,3.5318933818742537,4.995186302535648,2.5023140754547146,3.8,6
microsoft_open,PLS,PLS,padrao,30,2.4949676731214083,3.538118940910437,1.3664243631953132,0.9665937642922481,1.6472515971846917,6.146441383461327,13.98357101255425,453.0,0.0,0.0,2.5417439293598236,3.5318933818742537,1.8403213517341421,-0.1762669017171703,4.0,7
microsoft_open,Holt-Winters,Holt-Winters,padrao,30,2.615845436159464,3.6369163397875166,1.4229989652686792,0.13483749162608008,1.8023739396448377,6.080885438558114,17.57862029936544,453.0,0.0,0.0,2.5417439293598236,3.5318933818742537,-2.915380496976483,-2.973559690455052,81.1,8
pilgrims_close,Holt-Winters,Holt-Winters,padrao,1,0.6161023035115002,0.8861710185014728,2.642005829993052,-0.008334695009287369,0.4235687255859375,1.4147224490902943,6.902736672508702,2925.0,0.0,0.0,0.6161023037250227,0.8861710185626538,3.4656988390224797e-08,6.903966287552521e-09,6.1,1
pilgrims_close,SARIMAX,SARIMAX,padrao,1,0.6173617993577347,0.8872238971604566,2.6482617434351075,-0.008374729004767628,0.4199909020457113,1.4146181059856229,6.900327399899702,2925.0,0.0,0.0,0.6161023037250227,0.8861710185626538,-0.20442962558278044,-0.11881212268829433,262.6,2
pilgrims_close,PLS,PLS,padrao,1,0.8292400830585303,1.1700306034576595,3.5143618252845363,0.03725020210606484,0.6048572741028728,1.8017260886915112,7.858436573077405,2925.0,0.0,0.0,0.6161023037250227,0.8861710185626538,-34.59454347838873,-32.03214491886888,13.7,3
pilgrims_close,PLS | Fourier+ACF m=2275,PLS,fourier_acf,2275,0.8303354818873588,1.1709304055064447,3.5227468022447894,0.026987337803789976,0.6044196160459023,1.8129375289731313,7.966083138004983,2925.0,0.0,0.0,0.6161023037250227,0.8861710185626538,-34.772338435850436,-32.1336831129575,12.8,4
pilgrims_close,Random Forest | Fourier+ACF m=2275,Random Forest,fourier_acf,2275,0.8487304730291791,1.1597293646314293,3.598460526899071,0.039842050407175936,0.6270640269703591,1.878721179363709,7.919473971941571,2925.0,0.0,0.0,0.6161023037250227,0.8861710185626538,-37.75804243835168,-30.86970125839592,2782.7,5
pilgrims_close,Random Forest,Random Forest,padrao,1,0.8615415511561871,1.1820529540409224,3.660967260091599,0.046098491772643774,0.6369111317228189,1.9250967886173098,7.616211582448734,2925.0,0.0,0.0,0.6161023037250227,0.8861710185626538,-39.83741757614143,-33.388807496568916,2414.5,6
pilgrims_close,Kalman | Fourier+ACF m=2275,Kalman,fourier_acf,2275,0.870564628002846,1.1772327007274341,3.7671108735657994,0.07742210415452379,0.6506168775291776,1.9042301907791497,6.935688061909659,2925.0,0.0,0.0,0.6161023037250227,0.8861710185626538,-41.30195955108687,-32.84486584055466,140.6,7
pilgrims_close,Kalman,Kalman,padrao,1,0.8858591971234688,1.2062615202228202,3.7857720086709326,0.009860504598939022,0.6552360714631185,1.8957791280834513,6.98462303540466,2925.0,0.0,0.0,0.6161023037250227,0.8861710185626538,-43.784431865855076,-36.12062400543687,130.0,8
sales_profit,Random Forest,Random Forest,padrao,12,5479.243924551781,8133.689766169296,35.35623746920912,1689.252160623402,3589.5192158950304,13109.850177704842,38524.984483990236,609.0,0.0,0.0,7325.653530377668,10533.470174304957,25.204708333110283,22.782429421878614,174.8,1
sales_profit,Holt-Winters,Holt-Winters,padrao,12,5686.698041562301,8495.390861546575,38.77541939770446,171.07896545860137,3755.4242355666356,12874.787586689836,40364.79154476321,609.0,0.0,0.0,7325.653530377668,10533.470174304957,22.372822875379317,19.348602872869137,3.6,2
sales_profit,SARIMAX,SARIMAX,padrao,12,5720.227526740268,8523.036201622579,39.079667712394524,187.58167126284815,3863.628449978918,13062.112479604788,41362.85668659533,609.0,0.0,0.0,7325.653530377668,10533.470174304957,21.915123298967064,19.086150522233147,162.9,3
sales_profit,PLS,PLS,padrao,12,5974.186727838727,8753.058287645246,40.61094761513932,551.6021505272356,3704.653563911481,12904.46966675074,42081.48643051715,609.0,0.0,0.0,7325.653530377668,10533.470174304957,18.44841278576367,16.902424910290215,2.8,4
sales_profit,Kalman,Kalman,padrao,12,6496.098658846976,9688.461221157422,43.2468396243647,-73.36326841655863,4295.425612875845,13862.791082086378,50316.81808429683,609.0,0.0,0.0,7325.653530377668,10533.470174304957,11.323970866090427,8.022132679587635,30.6,5
