base,modelo,cenario_sazonal,m,passo,cobertura_80_pct,largura_media_80,winkler_80,cobertura_95_pct,largura_media_95,winkler_95
brasil_vitorias,Kalman,padrao,4,1,93.93939393939394,15.561299791088004,17.437557941070224,100.0,23.798954301306043,23.798954301306043
delhi_temperatura,Kalman,padrao,30,1,95.52238805970148,8.994788756594804,9.674941431838324,98.50746268656717,13.756342300576817,14.036311438685367
delhi_temperatura,Kalman,padrao,30,2,94.02985074626866,9.223865702709986,9.945889351495664,98.50746268656717,14.106685256838107,14.347204026841258
delhi_temperatura,Kalman,padrao,30,3,95.52238805970148,9.314203653779638,10.435852170449731,97.01492537313433,14.244845230493492,15.810542785559969
delhi_temperatura,Kalman,padrao,30,4,94.02985074626866,9.287835226806877,9.826152378400124,98.50746268656717,14.20451820145692,14.509861669358388
delhi_temperatura,Kalman,padrao,30,5,92.53731343283582,9.272064965575364,10.330310882998644,97.01492537313433,14.180399668210526,14.417141032599643
delhi_temperatura,Kalman,padrao,30,6,95.52238805970148,9.298755002999282,9.525366331747678,100.0,14.221218557987058,14.221218557987058
delhi_temperatura,Kalman,padrao,30,7,92.53731343283582,9.312365652725058,10.433255715393024,98.50746268656717,14.242034250453846,14.956572612539404
microsoft_open,Kalman,padrao,30,1,60.70640176600441,3.7811075787864,13.078394491803168,77.04194260485652,5.782705023612162,30.413548825292473
microsoft_open,Kalman | Fourier+ACF m=176,fourier_acf,176,1,34.216335540838855,1.7187280812980612,16.391182049034732,45.033112582781456,2.6285677682663615,50.182294957881396
pilgrims_close,Kalman,padrao,1,1,75.21367521367522,2.3820152939445896,4.0032767131829265,91.28205128205128,3.6429780215445478,6.195538361554775
pilgrims_close,Kalman,padrao,1,2,76.06837606837607,2.389166164036858,4.201133633313296,89.74358974358975,3.6539143336023576,6.683121893588614
pilgrims_close,Kalman,padrao,1,3,77.0940170940171,2.3968305351184838,4.453182463547845,88.88888888888889,3.665635977653218,7.528300996809927
pilgrims_close,Kalman,padrao,1,4,73.67521367521368,2.393626944673687,4.4677309239884355,89.05982905982906,3.6607365088672297,7.368548874533925
pilgrims_close,Kalman,padrao,1,5,71.7948717948718,2.3978001993342324,4.658607934988936,87.52136752136752,3.6671189510981126,7.55418239078892
pilgrims_close,Kalman | Fourier+ACF m=2275,fourier_acf,2275,1,88.37606837606837,2.9335811993828007,3.718009290362669,96.23931623931624,4.486525280058272,5.484599802099715
pilgrims_close,Kalman | Fourier+ACF m=2275,fourier_acf,2275,2,85.12820512820512,2.9639459154546435,3.9703677176526226,95.2136752136752,4.532964105854801,5.761311857333501
pilgrims_close,Kalman | Fourier+ACF m=2275,fourier_acf,2275,3,84.27350427350427,2.9897627862813474,4.3342261920254,93.5042735042735,4.57244760255855,6.655637411739822
pilgrims_close,Kalman | Fourier+ACF m=2275,fourier_acf,2275,4,81.36752136752136,2.998945485146986,4.389938553311391,93.16239316239316,4.586491328571151,6.379950876489714
pilgrims_close,Kalman | Fourier+ACF m=2275,fourier_acf,2275,5,79.82905982905983,3.018677026475189,4.5709457341884905,93.33333333333333,4.616668116928713,6.6468365960423865
sales_profit,Kalman,padrao,12,1,87.35632183908046,22103.15713145386,31576.245523738915,96.55172413793103,33803.861730580946,56818.45568917559
sales_profit,Kalman,padrao,12,2,85.0574712643678,22370.857609114384,34396.09763458558,95.40229885057471,34213.274280934194,62435.726644804105
sales_profit,Kalman,padrao,12,3,93.10344827586206,22643.442526994142,27816.66896891475,98.85057471264368,34630.15693797039,47224.978054207444
sales_profit,Kalman,padrao,12,4,88.50574712643679,22724.28864760607,34692.91791103183,95.40229885057471,34753.80040964124,63003.1672891042
sales_profit,Kalman,padrao,12,5,81.60919540229885,22698.940630965353,41979.03118732265,89.65517241379311,34715.03396353712,77687.79237026814
sales_profit,Kalman,padrao,12,6,82.75862068965517,22669.433238198675,32651.48531177255,96.55172413793103,34669.90630058914,51592.919832715575
sales_profit,Kalman,padrao,12,7,83.9080459770115,22771.283393516667,37059.24803049357,90.80459770114942,34825.67267129952,62758.93653275029
