base,m,forca_stl,fourier,acf,magnitude_fourier,acf_valor,ciclos,viavel_estado_sazonal,m_padrao,forca_padrao,m_fourier_acf_candidato,forca_fourier_acf_candidato,ganho_forca_sazonal,m_fourier_acf_efetivo,motivo_escolha_m
delhi_temperatura,36,0.31045891186659236,True,False,301.72510262750455,0.6455331324554824,30.63888888888889,False,30,0.2714433825988255,36,0.31045891186659236,0.03901552926776686,30,ganho_sazonal_0.039016_abaixo_de_0.05
delhi_temperatura,20,0.2872284287192657,True,False,139.58555043395577,0.8040554337529323,55.15,True,30,0.2714433825988255,36,0.31045891186659236,0.03901552926776686,30,ganho_sazonal_0.039016_abaixo_de_0.05
delhi_temperatura,38,0.26357966803704314,True,False,321.8458228609805,0.6178492671829116,29.026315789473685,False,30,0.2714433825988255,36,0.31045891186659236,0.03901552926776686,30,ganho_sazonal_0.039016_abaixo_de_0.05
delhi_temperatura,18,0.24151269047487323,True,False,245.22914303438105,0.820346180927269,61.27777777777778,True,30,0.2714433825988255,36,0.31045891186659236,0.03901552926776686,30,ganho_sazonal_0.039016_abaixo_de_0.05
delhi_temperatura,28,0.2197690334714505,True,False,194.43137998376673,0.7213296191560098,39.392857142857146,True,30,0.2714433825988255,36,0.31045891186659236,0.03901552926776686,30,ganho_sazonal_0.039016_abaixo_de_0.05
delhi_temperatura,15,0.20849285055931288,True,False,189.10065264207188,0.8425739349560741,73.53333333333333,True,30,0.2714433825988255,36,0.31045891186659236,0.03901552926776686,30,ganho_sazonal_0.039016_abaixo_de_0.05
delhi_temperatura,184,0.19249579617138912,True,False,1509.4930445611678,-0.6468517970998466,5.994565217391305,False,30,0.2714433825988255,36,0.31045891186659236,0.03901552926776686,30,ganho_sazonal_0.039016_abaixo_de_0.05
delhi_temperatura,26,0.187123190809659,True,False,177.45827662150558,0.7403728108619769,42.42307692307692,True,30,0.2714433825988255,36,0.31045891186659236,0.03901552926776686,30,ganho_sazonal_0.039016_abaixo_de_0.05
delhi_temperatura,16,0.18378027995111934,True,False,174.72269423682033,0.8342474526737509,68.9375,True,30,0.2714433825988255,36,0.31045891186659236,0.03901552926776686,30,ganho_sazonal_0.039016_abaixo_de_0.05
delhi_temperatura,48,0.17357858309742813,True,False,178.1592570115026,0.4839411066159596,22.979166666666668,False,30,0.2714433825988255,36,0.31045891186659236,0.03901552926776686,30,ganho_sazonal_0.039016_abaixo_de_0.05
delhi_temperatura,61,0.17131761528660294,True,False,227.34929308906516,0.30579780106783483,18.081967213114755,False,30,0.2714433825988255,36,0.31045891186659236,0.03901552926776686,30,ganho_sazonal_0.039016_abaixo_de_0.05
delhi_temperatura,23,0.15522135607758747,True,False,285.3256683874201,0.7673415321248948,47.95652173913044,True,30,0.2714433825988255,36,0.31045891186659236,0.03901552926776686,30,ganho_sazonal_0.039016_abaixo_de_0.05
delhi_temperatura,10,0.15109942797993436,True,False,118.65863333479835,0.8735440579484501,110.3,True,30,0.2714433825988255,36,0.31045891186659236,0.03901552926776686,30,ganho_sazonal_0.039016_abaixo_de_0.05
delhi_temperatura,12,0.15051810117168507,True,False,137.70565373598794,0.8632556714830331,91.91666666666667,True,30,0.2714433825988255,36,0.31045891186659236,0.03901552926776686,30,ganho_sazonal_0.039016_abaixo_de_0.05
delhi_temperatura,13,0.14645003814120472,True,False,134.0943900854511,0.8559255978229636,84.84615384615384,True,30,0.2714433825988255,36,0.31045891186659236,0.03901552926776686,30,ganho_sazonal_0.039016_abaixo_de_0.05
delhi_temperatura,11,0.14207461411287015,True,False,153.59365124320323,0.8703711488100757,100.27272727272727,True,30,0.2714433825988255,36,0.31045891186659236,0.03901552926776686,30,ganho_sazonal_0.039016_abaixo_de_0.05
delhi_temperatura,14,0.13230560979365302,True,False,213.93801645029822,0.8488979829747136,78.78571428571429,True,30,0.2714433825988255,36,0.31045891186659236,0.03901552926776686,30,ganho_sazonal_0.039016_abaixo_de_0.05
delhi_temperatura,9,0.114910844300246,True,False,156.32495233918837,0.8799664523088164,122.55555555555556,True,30,0.2714433825988255,36,0.31045891186659236,0.03901552926776686,30,ganho_sazonal_0.039016_abaixo_de_0.05
delhi_temperatura,5,0.07269274788446389,True,False,94.82751910930105,0.9149262561608361,220.6,True,30,0.2714433825988255,36,0.31045891186659236,0.03901552926776686,30,ganho_sazonal_0.039016_abaixo_de_0.05
delhi_temperatura,6,0.06677777114708727,True,False,100.52413795590081,0.9048155328093703,183.83333333333334,True,30,0.2714433825988255,36,0.31045891186659236,0.03901552926776686,30,ganho_sazonal_0.039016_abaixo_de_0.05
delhi_temperatura,7,0.039218602084064136,True,False,97.18343845159308,0.8954578747007669,157.57142857142858,True,30,0.2714433825988255,36,0.31045891186659236,0.03901552926776686,30,ganho_sazonal_0.039016_abaixo_de_0.05
delhi_temperatura,4,0.03630610168373194,True,False,83.6259281235266,0.9264459697541813,275.75,True,30,0.2714433825988255,36,0.31045891186659236,0.03901552926776686,30,ganho_sazonal_0.039016_abaixo_de_0.05
delhi_temperatura,92,0.026375223284723526,True,False,212.5743358846438,-0.09848966822109563,11.98913043478261,False,30,0.2714433825988255,36,0.31045891186659236,0.03901552926776686,30,ganho_sazonal_0.039016_abaixo_de_0.05
delhi_temperatura,2,-0.007895738101744376,True,False,71.82263410656343,0.9524904063663611,551.5,True,30,0.2714433825988255,36,0.31045891186659236,0.03901552926776686,30,ganho_sazonal_0.039016_abaixo_de_0.05
delhi_temperatura,123,-0.009750169293764932,True,False,427.10325218618897,-0.4081317973165039,8.967479674796747,False,30,0.2714433825988255,36,0.31045891186659236,0.03901552926776686,30,ganho_sazonal_0.039016_abaixo_de_0.05
pilgrims_close,2275,0.5721154000197541,True,False,13966.197663305167,0.09313025344383849,3.0004395604395606,False,1,0.0,2275,0.5721154000197541,0.5721154000197541,2275,ganho_sazonal_aprovado
pilgrims_close,53,0.06671165215051711,True,False,157.43953829181226,0.9301254197236738,128.79245283018867,False,1,0.0,2275,0.5721154000197541,0.5721154000197541,2275,ganho_sazonal_aprovado
pilgrims_close,54,0.061974170619941704,True,False,388.19906967449356,0.9288885767170919,126.4074074074074,False,1,0.0,2275,0.5721154000197541,0.5721154000197541,2275,ganho_sazonal_aprovado
pilgrims_close,52,0.06112547105960753,True,False,411.8792210718364,0.9314167608131483,131.26923076923077,False,1,0.0,2275,0.5721154000197541,0.5721154000197541,2275,ganho_sazonal_aprovado
pilgrims_close,51,0.04604135967326517,True,False,410.54565372151274,0.9327134776292499,133.84313725490196,False,1,0.0,2275,0.5721154000197541,0.5721154000197541,2275,ganho_sazonal_aprovado
pilgrims_close,49,0.041937938320371626,True,False,191.04537854284138,0.9353860966614055,139.30612244897958,False,1,0.0,2275,0.5721154000197541,0.5721154000197541,2275,ganho_sazonal_aprovado
pilgrims_close,55,0.030576711922067457,True,False,380.45975402696945,0.9276011336176595,124.10909090909091,False,1,0.0,2275,0.5721154000197541,0.5721154000197541,2275,ganho_sazonal_aprovado
pilgrims_close,83,0.028568804838647432,True,False,609.9907160332866,0.885953238375664,82.24096385542168,False,1,0.0,2275,0.5721154000197541,0.5721154000197541,2275,ganho_sazonal_aprovado
pilgrims_close,48,0.02514780967295971,True,False,183.83816504638406,0.9366141429733312,142.20833333333334,False,1,0.0,2275,0.5721154000197541,0.5721154000197541,2275,ganho_sazonal_aprovado
pilgrims_close,46,0.01260545500630339,True,False,276.3112732156008,0.9390766280890708,148.3913043478261,False,1,0.0,2275,0.5721154000197541,0.5721154000197541,2275,ganho_sazonal_aprovado
pilgrims_close,57,0.009281094889559749,True,False,287.29685729562306,0.9248867156827526,119.75438596491227,False,1,0.0,2275,0.5721154000197541,0.5721154000197541,2275,ganho_sazonal_aprovado
pilgrims_close,79,0.004842106136463742,True,False,638.4672340981562,0.892402572263772,86.40506329113924,False,1,0.0,2275,0.5721154000197541,0.5721154000197541,2275,ganho_sazonal_aprovado
pilgrims_close,89,-0.00857314599451997,True,False,567.2753026572767,0.8764757976279028,76.69662921348315,False,1,0.0,2275,0.5721154000197541,0.5721154000197541,2275,ganho_sazonal_aprovado
pilgrims_close,44,-0.00959418257420297,True,False,166.70507060617626,0.9413901819189243,155.13636363636363,False,1,0.0,2275,0.5721154000197541,0.5721154000197541,2275,ganho_sazonal_aprovado
pilgrims_close,95,-0.009598020141331265,True,False,359.7326673450745,0.8668838155008727,71.85263157894737,False,1,0.0,2275,0.5721154000197541,0.5721154000197541,2275,ganho_sazonal_aprovado
pilgrims_close,42,-0.013302389757927635,True,False,226.8216973354098,0.9436344851613914,162.52380952380952,False,1,0.0,2275,0.5721154000197541,0.5721154000197541,2275,ganho_sazonal_aprovado
pilgrims_close,99,-0.015513955526807122,True,False,520.1892920053036,0.8602271168715779,68.94949494949495,False,1,0.0,2275,0.5721154000197541,0.5721154000197541,2275,ganho_sazonal_aprovado
pilgrims_close,39,-0.022469086047576692,True,False,140.91914372222107,0.9470277108496535,175.02564102564102,False,1,0.0,2275,0.5721154000197541,0.5721154000197541,2275,ganho_sazonal_aprovado
pilgrims_close,14,-0.026141244519026108,True,False,115.26057437034174,0.9803281448237956,487.57142857142856,True,1,0.0,2275,0.5721154000197541,0.5721154000197541,2275,ganho_sazonal_aprovado
pilgrims_close,11,-0.02618394061372209,True,False,89.19564252257825,0.9844158949417391,620.5454545454545,True,1,0.0,2275,0.5721154000197541,0.5721154000197541,2275,ganho_sazonal_aprovado
pilgrims_close,10,-0.026292704335211914,True,False,85.17782384646948,0.9856820235521598,682.6,True,1,0.0,2275,0.5721154000197541,0.5721154000197541,2275,ganho_sazonal_aprovado
pilgrims_close,155,-0.026476534112074956,True,False,450.0166030863121,0.7650292028907715,44.038709677419355,False,1,0.0,2275,0.5721154000197541,0.5721154000197541,2275,ganho_sazonal_aprovado
pilgrims_close,91,-0.026704549305655245,True,False,345.5608918604417,0.8732352670251325,75.01098901098901,False,1,0.0,2275,0.5721154000197541,0.5721154000197541,2275,ganho_sazonal_aprovado
pilgrims_close,41,-0.02718355944871864,True,False,238.42281077102407,0.944752498206175,166.4878048780488,False,1,0.0,2275,0.5721154000197541,0.5721154000197541,2275,ganho_sazonal_aprovado
pilgrims_close,43,-0.028539311107977694,True,False,240.27023255419806,0.9425241275866473,158.74418604651163,False,1,0.0,2275,0.5721154000197541,0.5721154000197541,2275,ganho_sazonal_aprovado
pilgrims_close,25,-0.030687325477317007,True,False,156.03420106828992,0.9652125472942531,273.04,True,1,0.0,2275,0.5721154000197541,0.5721154000197541,2275,ganho_sazonal_aprovado
pilgrims_close,35,-0.031093479868288032,True,False,230.69932038939572,0.9521991699542616,195.02857142857144,False,1,0.0,2275,0.5721154000197541,0.5721154000197541,2275,ganho_sazonal_aprovado
pilgrims_close,4,-0.03168072405740485,True,False,35.95529397839322,0.994108337628582,1706.5,True,1,0.0,2275,0.5721154000197541,0.5721154000197541,2275,ganho_sazonal_aprovado
pilgrims_close,12,-0.03387423599524042,True,False,148.1579273053271,0.9830794121017846,568.8333333333334,True,1,0.0,2275,0.5721154000197541,0.5721154000197541,2275,ganho_sazonal_aprovado
pilgrims_close,15,-0.03478034888702086,True,False,150.2827624385921,0.9789549952407595,455.06666666666666,True,1,0.0,2275,0.5721154000197541,0.5721154000197541,2275,ganho_sazonal_aprovado
pilgrims_close,60,-0.035504961534290835,True,False,347.8647248271322,0.9207278251067819,113.76666666666667,False,1,0.0,2275,0.5721154000197541,0.5721154000197541,2275,ganho_sazonal_aprovado
pilgrims_close,9,-0.03573490221427833,True,False,75.21696317390276,0.9869078208329939,758.4444444444445,True,1,0.0,2275,0.5721154000197541,0.5721154000197541,2275,ganho_sazonal_aprovado
pilgrims_close,102,-0.03672050050346254,True,False,262.4481445110274,0.855217064457537,66.92156862745098,False,1,0.0,2275,0.5721154000197541,0.5721154000197541,2275,ganho_sazonal_aprovado
pilgrims_close,73,-0.03751492704646209,True,False,401.42866797638055,0.9024510996634522,93.5068493150685,False,1,0.0,2275,0.5721154000197541,0.5721154000197541,2275,ganho_sazonal_aprovado
pilgrims_close,38,-0.0375978909856427,True,False,189.5371624064496,0.9482513574707178,179.6315789473684,False,1,0.0,2275,0.5721154000197541,0.5721154000197541,2275,ganho_sazonal_aprovado
pilgrims_close,69,-0.04086217864148267,True,False,343.34698197350133,0.9083152142154827,98.92753623188406,False,1,0.0,2275,0.5721154000197541,0.5721154000197541,2275,ganho_sazonal_aprovado
pilgrims_close,5,-0.04205012384607687,True,False,55.46378035526613,0.9926077697757164,1365.2,True,1,0.0,2275,0.5721154000197541,0.5721154000197541,2275,ganho_sazonal_aprovado
pilgrims_close,13,-0.042408800035162564,True,False,74.02372231655848,0.981699157325537,525.0769230769231,True,1,0.0,2275,0.5721154000197541,0.5721154000197541,2275,ganho_sazonal_aprovado
pilgrims_close,3,-0.04265485919039125,True,False,40.586647715845075,0.995579983529542,2275.3333333333335,True,1,0.0,2275,0.5721154000197541,0.5721154000197541,2275,ganho_sazonal_aprovado
pilgrims_close,7,-0.04411063389614123,True,False,60.979849852848346,0.989688285557634,975.1428571428571,True,1,0.0,2275,0.5721154000197541,0.5721154000197541,2275,ganho_sazonal_aprovado
pilgrims_close,8,-0.04547699797906324,True,False,74.39360717520599,0.9882767378789925,853.25,True,1,0.0,2275,0.5721154000197541,0.5721154000197541,2275,ganho_sazonal_aprovado
pilgrims_close,70,-0.04732164835708086,True,False,307.1137677362002,0.9069378367808725,97.51428571428572,False,1,0.0,2275,0.5721154000197541,0.5721154000197541,2275,ganho_sazonal_aprovado
pilgrims_close,105,-0.04781858383804738,True,False,332.83792996516434,0.8501288474993982,65.00952380952381,False,1,0.0,2275,0.5721154000197541,0.5721154000197541,2275,ganho_sazonal_aprovado
pilgrims_close,26,-0.049555615745261905,True,False,169.84926790382127,0.9638484204175124,262.53846153846155,True,1,0.0,2275,0.5721154000197541,0.5721154000197541,2275,ganho_sazonal_aprovado
pilgrims_close,66,-0.05066012364430117,True,False,177.31118610462238,0.912413578001634,103.42424242424242,False,1,0.0,2275,0.5721154000197541,0.5721154000197541,2275,ganho_sazonal_aprovado
pilgrims_close,36,-0.05164415604911832,True,False,211.02588395563657,0.9508868487968752,189.61111111111111,False,1,0.0,2275,0.5721154000197541,0.5721154000197541,2275,ganho_sazonal_aprovado
pilgrims_close,37,-0.05182726610593358,True,False,181.7232537070074,0.9495745552490048,184.48648648648648,False,1,0.0,2275,0.5721154000197541,0.5721154000197541,2275,ganho_sazonal_aprovado
pilgrims_close,16,-0.05444354357228853,True,False,128.8160089286948,0.9776232138358965,426.625,True,1,0.0,2275,0.5721154000197541,0.5721154000197541,2275,ganho_sazonal_aprovado
pilgrims_close,29,-0.054922689244601974,True,False,121.49780424906754,0.9599279032205195,235.3793103448276,True,1,0.0,2275,0.5721154000197541,0.5721154000197541,2275,ganho_sazonal_aprovado
pilgrims_close,64,-0.05512897502737468,True,False,272.54361640677365,0.9150910667885048,106.65625,False,1,0.0,2275,0.5721154000197541,0.5721154000197541,2275,ganho_sazonal_aprovado
pilgrims_close,30,-0.05527738680057914,True,False,124.73842595359362,0.9587383116760815,227.53333333333333,True,1,0.0,2275,0.5721154000197541,0.5721154000197541,2275,ganho_sazonal_aprovado
pilgrims_close,17,-0.055500340452478536,True,False,123.5268268319794,0.9763028060206411,401.52941176470586,True,1,0.0,2275,0.5721154000197541,0.5721154000197541,2275,ganho_sazonal_aprovado
pilgrims_close,67,-0.05614040933102582,True,False,468.08366042836633,0.9110903881249394,101.88059701492537,False,1,0.0,2275,0.5721154000197541,0.5721154000197541,2275,ganho_sazonal_aprovado
pilgrims_close,108,-0.06114820709200686,True,False,520.3453737155724,0.8446348447778329,63.2037037037037,False,1,0.0,2275,0.5721154000197541,0.5721154000197541,2275,ganho_sazonal_aprovado
pilgrims_close,6,-0.06145900427711015,True,False,65.27107066267662,0.9911466036698164,1137.6666666666667,True,1,0.0,2275,0.5721154000197541,0.5721154000197541,2275,ganho_sazonal_aprovado
pilgrims_close,31,-0.06202147173187211,True,False,126.06823345943353,0.9575250495945921,220.19354838709677,False,1,0.0,2275,0.5721154000197541,0.5721154000197541,2275,ganho_sazonal_aprovado
pilgrims_close,32,-0.0630188805885743,True,False,161.9930053015971,0.9561880636386614,213.3125,False,1,0.0,2275,0.5721154000197541,0.5721154000197541,2275,ganho_sazonal_aprovado
pilgrims_close,33,-0.06314097410972086,True,False,244.67795643177368,0.9548563507922476,206.84848484848484,False,1,0.0,2275,0.5721154000197541,0.5721154000197541,2275,ganho_sazonal_aprovado
pilgrims_close,175,-0.06449945508025379,True,False,750.9638048208286,0.7302358256364689,39.005714285714284,False,1,0.0,2275,0.5721154000197541,0.5721154000197541,2275,ganho_sazonal_aprovado
pilgrims_close,63,-0.06653463731464071,True,False,228.01897412327872,0.9164833982663116,108.34920634920636,False,1,0.0,2275,0.5721154000197541,0.5721154000197541,2275,ganho_sazonal_aprovado
pilgrims_close,34,-0.06809178877390543,True,False,252.2350311734165,0.9535123025428395,200.76470588235293,False,1,0.0,2275,0.5721154000197541,0.5721154000197541,2275,ganho_sazonal_aprovado
pilgrims_close,75,-0.07084976590626324,True,False,265.7337607840574,0.8990932656796874,91.01333333333334,False,1,0.0,2275,0.5721154000197541,0.5721154000197541,2275,ganho_sazonal_aprovado
pilgrims_close,24,-0.07189006126223285,True,False,184.2372677715415,0.9665979543779832,284.4166666666667,True,1,0.0,2275,0.5721154000197541,0.5721154000197541,2275,ganho_sazonal_aprovado
pilgrims_close,116,-0.07264875137041993,True,False,367.0161410058532,0.8297477203773881,58.8448275862069,False,1,0.0,2275,0.5721154000197541,0.5721154000197541,2275,ganho_sazonal_aprovado
pilgrims_close,126,-0.07557329549744551,True,False,470.98488467329497,0.8123626920140478,54.17460317460318,False,1,0.0,2275,0.5721154000197541,0.5721154000197541,2275,ganho_sazonal_aprovado
pilgrims_close,27,-0.07930500790181938,True,False,134.34025769546324,0.962514259446596,252.8148148148148,True,1,0.0,2275,0.5721154000197541,0.5721154000197541,2275,ganho_sazonal_aprovado
pilgrims_close,22,-0.0805200272718587,True,False,169.27507099222058,0.9693693327496216,310.27272727272725,True,1,0.0,2275,0.5721154000197541,0.5721154000197541,2275,ganho_sazonal_aprovado
pilgrims_close,166,-0.0818462822995969,True,False,840.4367731102857,0.7467308110660317,41.12048192771084,False,1,0.0,2275,0.5721154000197541,0.5721154000197541,2275,ganho_sazonal_aprovado
pilgrims_close,23,-0.08340487252695317,True,False,146.61671820090913,0.9679691644675419,296.7826086956522,True,1,0.0,2275,0.5721154000197541,0.5721154000197541,2275,ganho_sazonal_aprovado
pilgrims_close,21,-0.08545216191441751,True,False,128.89708957375845,0.9707648593341229,325.04761904761904,True,1,0.0,2275,0.5721154000197541,0.5721154000197541,2275,ganho_sazonal_aprovado
pilgrims_close,122,-0.08849195456278136,True,False,468.615744903888,0.8191584139204937,55.950819672131146,False,1,0.0,2275,0.5721154000197541,0.5721154000197541,2275,ganho_sazonal_aprovado
pilgrims_close,19,-0.08928517822304083,True,False,127.87030316651013,0.9735740379234915,359.2631578947368,True,1,0.0,2275,0.5721154000197541,0.5721154000197541,2275,ganho_sazonal_aprovado
pilgrims_close,758,-0.09370653157739461,True,False,6253.7599265529925,0.18488167271984063,9.005277044854882,False,1,0.0,2275,0.5721154000197541,0.5721154000197541,2275,ganho_sazonal_aprovado
pilgrims_close,253,-0.10225926029396049,True,False,1265.7483350050259,0.6009935375016363,26.9802371541502,False,1,0.0,2275,0.5721154000197541,0.5721154000197541,2275,ganho_sazonal_aprovado
pilgrims_close,325,-0.10782227673630218,True,False,1398.2839242968128,0.490878790955963,21.00307692307692,False,1,0.0,2275,0.5721154000197541,0.5721154000197541,2275,ganho_sazonal_aprovado
pilgrims_close,28,-0.11137864834679201,True,False,187.21644860820982,0.9611823029057355,243.78571428571428,True,1,0.0,2275,0.5721154000197541,0.5721154000197541,2275,ganho_sazonal_aprovado
pilgrims_close,145,-0.11172784437025118,True,False,516.0561766824918,0.7807334015165861,47.07586206896552,False,1,0.0,2275,0.5721154000197541,0.5721154000197541,2275,ganho_sazonal_aprovado
pilgrims_close,20,-0.11782906456172193,True,False,128.36369431750808,0.9721488532255859,341.3,True,1,0.0,2275,0.5721154000197541,0.5721154000197541,2275,ganho_sazonal_aprovado
pilgrims_close,134,-0.12504032908533924,True,False,602.3165572142656,0.7988386744986866,50.940298507462686,False,1,0.0,2275,0.5721154000197541,0.5721154000197541,2275,ganho_sazonal_aprovado
pilgrims_close,228,-0.12819672526073256,True,False,1340.3189348392982,0.639956288981575,29.93859649122807,False,1,0.0,2275,0.5721154000197541,0.5721154000197541,2275,ganho_sazonal_aprovado
pilgrims_close,18,-0.13450985600882226,True,False,137.8851876824355,0.9749730892916479,379.22222222222223,True,1,0.0,2275,0.5721154000197541,0.5721154000197541,2275,ganho_sazonal_aprovado
pilgrims_close,207,-0.17897910443495446,True,False,664.0914780652706,0.6748030667455235,32.97584541062802,False,1,0.0,2275,0.5721154000197541,0.5721154000197541,2275,ganho_sazonal_aprovado
pilgrims_close,402,-0.21400322690866358,True,False,1183.8164194965248,0.40677224354833325,16.980099502487562,False,1,0.0,2275,0.5721154000197541,0.5721154000197541,2275,ganho_sazonal_aprovado
pilgrims_close,455,-0.22872286510634932,True,False,1539.4337512837128,0.3723025195555154,15.002197802197802,False,1,0.0,2275,0.5721154000197541,0.5721154000197541,2275,ganho_sazonal_aprovado
microsoft_open,176,0.6315447137719681,True,False,1301.3077869493934,0.5351036053026487,6.005681818181818,False,30,0.20146080995013615,176,0.6315447137719681,0.4300839038218319,176,ganho_sazonal_aprovado
microsoft_open,352,0.4392640707123532,True,False,1081.5072426468878,0.04158065462557658,3.002840909090909,False,30,0.20146080995013615,176,0.6315447137719681,0.4300839038218319,176,ganho_sazonal_aprovado
microsoft_open,36,0.205743939860624,True,False,287.1528838045829,0.8768589368603219,29.36111111111111,False,30,0.20146080995013615,176,0.6315447137719681,0.4300839038218319,176,ganho_sazonal_aprovado
microsoft_open,31,0.20075508687038024,True,False,361.1159631089861,0.8950487227177021,34.096774193548384,False,30,0.20146080995013615,176,0.6315447137719681,0.4300839038218319,176,ganho_sazonal_aprovado
microsoft_open,28,0.19611985163906076,True,False,147.0067087649266,0.9054005036609534,37.75,True,30,0.20146080995013615,176,0.6315447137719681,0.4300839038218319,176,ganho_sazonal_aprovado
microsoft_open,44,0.15258366305456283,True,False,236.27605400613862,0.8515304252223479,24.022727272727273,False,30,0.20146080995013615,176,0.6315447137719681,0.4300839038218319,176,ganho_sazonal_aprovado
microsoft_open,15,0.14524899677953318,True,False,219.3608263906613,0.945883035679945,70.46666666666667,True,30,0.20146080995013615,176,0.6315447137719681,0.4300839038218319,176,ganho_sazonal_aprovado
microsoft_open,62,0.11070899616669272,True,False,250.24970599484985,0.7975058026516438,17.048387096774192,False,30,0.20146080995013615,176,0.6315447137719681,0.4300839038218319,176,ganho_sazonal_aprovado
microsoft_open,14,0.06369941061146545,True,False,124.77506852967647,0.9492021743614563,75.5,True,30,0.20146080995013615,176,0.6315447137719681,0.4300839038218319,176,ganho_sazonal_aprovado
microsoft_open,16,0.061220845432736204,True,False,167.05560371065275,0.9426584076396503,66.0625,True,30,0.20146080995013615,176,0.6315447137719681,0.4300839038218319,176,ganho_sazonal_aprovado
microsoft_open,13,0.051715704749432545,True,False,142.18406487761285,0.9526634167340956,81.3076923076923,True,30,0.20146080995013615,176,0.6315447137719681,0.4300839038218319,176,ganho_sazonal_aprovado
microsoft_open,26,0.05038547056555254,True,False,134.69345098764424,0.9118933112818959,40.65384615384615,True,30,0.20146080995013615,176,0.6315447137719681,0.4300839038218319,176,ganho_sazonal_aprovado
microsoft_open,18,0.041477143098238245,True,False,83.1067475446686,0.9360681381553853,58.72222222222222,True,30,0.20146080995013615,176,0.6315447137719681,0.4300839038218319,176,ganho_sazonal_aprovado
microsoft_open,24,0.035532866911414884,True,False,224.13177909118255,0.9179594460484239,44.041666666666664,True,30,0.20146080995013615,176,0.6315447137719681,0.4300839038218319,176,ganho_sazonal_aprovado
microsoft_open,12,0.035088515381755614,True,False,119.29247547530338,0.9560440652905546,88.08333333333333,True,30,0.20146080995013615,176,0.6315447137719681,0.4300839038218319,176,ganho_sazonal_aprovado
microsoft_open,22,0.03339861393957677,True,False,106.20582795706324,0.9239541102535832,48.04545454545455,True,30,0.20146080995013615,176,0.6315447137719681,0.4300839038218319,176,ganho_sazonal_aprovado
microsoft_open,53,0.022323765746972923,True,False,252.86533733919603,0.8241769125490143,19.943396226415093,False,30,0.20146080995013615,176,0.6315447137719681,0.4300839038218319,176,ganho_sazonal_aprovado
microsoft_open,19,0.02030856939756498,True,False,193.28542005978153,0.9327558541928868,55.63157894736842,True,30,0.20146080995013615,176,0.6315447137719681,0.4300839038218319,176,ganho_sazonal_aprovado
microsoft_open,70,0.016900267891583942,True,False,249.08759727248645,0.7764466427850196,15.1,False,30,0.20146080995013615,176,0.6315447137719681,0.4300839038218319,176,ganho_sazonal_aprovado
microsoft_open,8,-0.0009742395024243677,True,False,89.58003224407277,0.9688573630895373,132.125,True,30,0.20146080995013615,176,0.6315447137719681,0.4300839038218319,176,ganho_sazonal_aprovado
microsoft_open,11,-0.02146610115058767,True,False,115.32420721533708,0.9592807782325509,96.0909090909091,True,30,0.20146080995013615,176,0.6315447137719681,0.4300839038218319,176,ganho_sazonal_aprovado
microsoft_open,7,-0.029717797329985363,True,False,63.09811269190594,0.9719286400031317,151.0,True,30,0.20146080995013615,176,0.6315447137719681,0.4300839038218319,176,ganho_sazonal_aprovado
microsoft_open,3,-0.030617786915797085,True,False,59.085357839458844,0.9871116538406539,352.3333333333333,True,30,0.20146080995013615,176,0.6315447137719681,0.4300839038218319,176,ganho_sazonal_aprovado
microsoft_open,21,-0.03199057737527489,True,False,104.52078569127885,0.9266767669456438,50.333333333333336,True,30,0.20146080995013615,176,0.6315447137719681,0.4300839038218319,176,ganho_sazonal_aprovado
microsoft_open,6,-0.03544651046628622,True,False,61.09590288636753,0.9754235427847816,176.16666666666666,True,30,0.20146080995013615,176,0.6315447137719681,0.4300839038218319,176,ganho_sazonal_aprovado
microsoft_open,4,-0.045648900577317075,True,False,63.71045566293374,0.9828498057620456,264.25,True,30,0.20146080995013615,176,0.6315447137719681,0.4300839038218319,176,ganho_sazonal_aprovado
microsoft_open,5,-0.046486443633257046,True,False,67.57082211239535,0.9789671671682768,211.4,True,30,0.20146080995013615,176,0.6315447137719681,0.4300839038218319,176,ganho_sazonal_aprovado
microsoft_open,9,-0.0539378390481815,True,False,72.99809682694504,0.9656048962548003,117.44444444444444,True,30,0.20146080995013615,176,0.6315447137719681,0.4300839038218319,176,ganho_sazonal_aprovado
microsoft_open,2,-0.05455253590639875,True,False,60.29080464780012,0.9914054189770232,528.5,True,30,0.20146080995013615,176,0.6315447137719681,0.4300839038218319,176,ganho_sazonal_aprovado
microsoft_open,96,-0.06639786537431003,True,False,476.0698683372384,0.7199091793954567,11.010416666666666,False,30,0.20146080995013615,176,0.6315447137719681,0.4300839038218319,176,ganho_sazonal_aprovado
microsoft_open,10,-0.06799146345328388,True,False,108.71020398896223,0.962517618884245,105.7,True,30,0.20146080995013615,176,0.6315447137719681,0.4300839038218319,176,ganho_sazonal_aprovado
sales_profit,11,0.18898357605300775,True,False,368325.1840303834,0.8202510504378958,129.72727272727272,True,12,0.15604288033358582,11,0.18898357605300775,0.03294069571942193,12,ganho_sazonal_0.032941_abaixo_de_0.05
sales_profit,130,0.16077681892707918,True,False,1078349.491777254,0.25720397748241985,10.976923076923077,False,12,0.15604288033358582,11,0.18898357605300775,0.03294069571942193,12,ganho_sazonal_0.032941_abaixo_de_0.05
sales_profit,12,0.15604288033358582,True,False,372191.9156096861,0.8097184166922081,118.91666666666667,True,12,0.15604288033358582,11,0.18898357605300775,0.03294069571942193,12,ganho_sazonal_0.032941_abaixo_de_0.05
sales_profit,238,0.15050774634280661,True,False,2645784.569241505,-0.02826269373136365,5.995798319327731,False,12,0.15604288033358582,11,0.18898357605300775,0.03294069571942193,12,ganho_sazonal_0.032941_abaixo_de_0.05
sales_profit,17,0.14580618089360053,True,False,308538.4595439416,0.7842659093386465,83.94117647058823,True,12,0.15604288033358582,11,0.18898357605300775,0.03294069571942193,12,ganho_sazonal_0.032941_abaixo_de_0.05
sales_profit,6,0.14487147511191223,True,False,366879.2899188683,0.8336011124055784,237.83333333333334,True,12,0.15604288033358582,11,0.18898357605300775,0.03294069571942193,12,ganho_sazonal_0.032941_abaixo_de_0.05
sales_profit,62,0.138124802802138,True,False,668415.3245284944,0.5679326692785294,23.016129032258064,False,12,0.15604288033358582,11,0.18898357605300775,0.03294069571942193,12,ganho_sazonal_0.032941_abaixo_de_0.05
sales_profit,32,0.13229556935760445,True,False,403453.07446093013,0.7098485952843356,44.59375,False,12,0.15604288033358582,11,0.18898357605300775,0.03294069571942193,12,ganho_sazonal_0.032941_abaixo_de_0.05
sales_profit,14,0.12656680782315566,True,False,286646.39954869647,0.7999351591128354,101.92857142857143,True,12,0.15604288033358582,11,0.18898357605300775,0.03294069571942193,12,ganho_sazonal_0.032941_abaixo_de_0.05
sales_profit,4,0.10365399867823955,True,False,463941.1717542431,0.8430522575189235,356.75,True,12,0.15604288033358582,11,0.18898357605300775,0.03294069571942193,12,ganho_sazonal_0.032941_abaixo_de_0.05
sales_profit,5,0.09912283714079495,True,False,315504.6214320371,0.8403288037927552,285.4,True,12,0.15604288033358582,11,0.18898357605300775,0.03294069571942193,12,ganho_sazonal_0.032941_abaixo_de_0.05
sales_profit,9,0.09199458371320324,True,False,268128.3536861066,0.813874507627458,158.55555555555554,True,12,0.15604288033358582,11,0.18898357605300775,0.03294069571942193,12,ganho_sazonal_0.032941_abaixo_de_0.05
sales_profit,7,0.09000482028651446,True,False,381119.5073246551,0.8266355727362034,203.85714285714286,True,12,0.15604288033358582,11,0.18898357605300775,0.03294069571942193,12,ganho_sazonal_0.032941_abaixo_de_0.05
sales_profit,71,0.08671484322967782,True,False,488478.34222738445,0.515286925370875,20.098591549295776,False,12,0.15604288033358582,11,0.18898357605300775,0.03294069571942193,12,ganho_sazonal_0.032941_abaixo_de_0.05
sales_profit,46,0.08246216551172603,True,False,525052.6972125818,0.633486542888783,31.02173913043478,False,12,0.15604288033358582,11,0.18898357605300775,0.03294069571942193,12,ganho_sazonal_0.032941_abaixo_de_0.05
sales_profit,8,0.08045049236424562,True,False,299652.0428773695,0.8238595977282637,178.375,True,12,0.15604288033358582,11,0.18898357605300775,0.03294069571942193,12,ganho_sazonal_0.032941_abaixo_de_0.05
sales_profit,95,0.061003126660636675,True,False,1084268.916441625,0.40596288059737845,15.021052631578947,False,12,0.15604288033358582,11,0.18898357605300775,0.03294069571942193,12,ganho_sazonal_0.032941_abaixo_de_0.05
sales_profit,2,0.047907701548014714,True,False,434110.964585791,0.8424737610951664,713.5,True,12,0.15604288033358582,11,0.18898357605300775,0.03294069571942193,12,ganho_sazonal_0.032941_abaixo_de_0.05
sales_profit,3,0.03786182606348765,True,False,392367.43879789015,0.8320112072539716,475.6666666666667,True,12,0.15604288033358582,11,0.18898357605300775,0.03294069571942193,12,ganho_sazonal_0.032941_abaixo_de_0.05
brasil_vitorias,4,0.3450626217960546,True,False,51.167518255949545,0.5096395394195068,19.0,True,4,0.3450626217960546,4,0.3450626217960546,0.0,4,mesmo_periodo_padrao
brasil_vitorias,6,0.27153617299533284,True,False,42.159862436352476,0.4856231850556944,12.666666666666666,True,4,0.3450626217960546,4,0.3450626217960546,0.0,4,mesmo_periodo_padrao
brasil_vitorias,3,0.2022675820315556,True,False,47.501548868765255,0.4718865307655633,25.333333333333332,True,4,0.3450626217960546,4,0.3450626217960546,0.0,4,mesmo_periodo_padrao
