params,aic,bic,mae_validacao,bic_norm,mae_norm,criterio,valor,base,modelo,valido,n_components
{'n_components': 1},,,,,,MAE validacao,2.837443104423214,brasil_vitorias,PLS,True,1
{'n_components': 2},,,,,,MAE validacao,3.354919827030879,brasil_vitorias,PLS,True,2
{'n_components': 3},,,,,,MAE validacao,3.3574471982376126,brasil_vitorias,PLS,True,3
{'n_components': 4},,,,,,MAE validacao,3.221675312396002,brasil_vitorias,PLS,True,4
{'n_components': 5},,,,,,MAE validacao,3.140321167331164,brasil_vitorias,PLS,True,5
{'n_components': 6},,,,,,MAE validacao,3.164390440676552,brasil_vitorias,PLS,True,6
{'n_components': 7},,,,,,MAE validacao,3.2308829919359168,brasil_vitorias,PLS,True,7
{'n_components': 8},,,,,,MAE validacao,3.31656951484619,brasil_vitorias,PLS,True,8
{'n_components': 9},,,,,,MAE validacao,3.3781748820131554,brasil_vitorias,PLS,True,9
{'n_components': 10},,,,,,MAE validacao,3.5504502154991893,brasil_vitorias,PLS,True,10
{'n_components': 11},,,,,,MAE validacao,3.603920945311365,brasil_vitorias,PLS,True,11
{'n_components': 12},,,,,,MAE validacao,3.6424606921267846,brasil_vitorias,PLS,True,12
{'n_components': 13},,,,,,MAE validacao,3.660625087733831,brasil_vitorias,PLS,True,13
{'n_components': 14},,,,,,MAE validacao,3.6569070063255964,brasil_vitorias,PLS,True,14
{'n_components': 15},,,,,,MAE validacao,3.6666027465736932,brasil_vitorias,PLS,True,15
{'n_components': 16},,,,,,MAE validacao,3.688516018661436,brasil_vitorias,PLS,True,16
{'n_components': 17},,,,,,MAE validacao,3.6921520967731625,brasil_vitorias,PLS,True,17
{'n_components': 1},,,,,,MAE validacao,2.270191742678881,delhi_temperatura,PLS,True,1
{'n_components': 2},,,,,,MAE validacao,2.140344262167079,delhi_temperatura,PLS,True,2
{'n_components': 3},,,,,,MAE validacao,2.082221639329389,delhi_temperatura,PLS,True,3
{'n_components': 4},,,,,,MAE validacao,2.0645382279282836,delhi_temperatura,PLS,True,4
{'n_components': 5},,,,,,MAE validacao,2.0279843767545738,delhi_temperatura,PLS,True,5
{'n_components': 6},,,,,,MAE validacao,2.0332469178178783,delhi_temperatura,PLS,True,6
{'n_components': 7},,,,,,MAE validacao,2.0004126688371455,delhi_temperatura,PLS,True,7
{'n_components': 8},,,,,,MAE validacao,1.961225887840077,delhi_temperatura,PLS,True,8
{'n_components': 9},,,,,,MAE validacao,1.9504715497970972,delhi_temperatura,PLS,True,9
{'n_components': 10},,,,,,MAE validacao,1.953828355805954,delhi_temperatura,PLS,True,10
{'n_components': 11},,,,,,MAE validacao,1.9633963752190096,delhi_temperatura,PLS,True,11
{'n_components': 12},,,,,,MAE validacao,1.9494274284545299,delhi_temperatura,PLS,True,12
{'n_components': 13},,,,,,MAE validacao,1.9221436194790076,delhi_temperatura,PLS,True,13
{'n_components': 14},,,,,,MAE validacao,1.918478312723359,delhi_temperatura,PLS,True,14
{'n_components': 15},,,,,,MAE validacao,1.9224508827389852,delhi_temperatura,PLS,True,15
{'n_components': 16},,,,,,MAE validacao,1.9182541799357349,delhi_temperatura,PLS,True,16
{'n_components': 17},,,,,,MAE validacao,1.9182900915950172,delhi_temperatura,PLS,True,17
{'n_components': 18},,,,,,MAE validacao,1.9175467414627154,delhi_temperatura,PLS,True,18
{'n_components': 19},,,,,,MAE validacao,1.9163278418994028,delhi_temperatura,PLS,True,19
{'n_components': 20},,,,,,MAE validacao,1.9161476277616636,delhi_temperatura,PLS,True,20
{'n_components': 21},,,,,,MAE validacao,1.9184091266155574,delhi_temperatura,PLS,True,21
{'n_components': 22},,,,,,MAE validacao,1.9185939069121647,delhi_temperatura,PLS,True,22
{'n_components': 23},,,,,,MAE validacao,1.9185783018085643,delhi_temperatura,PLS,True,23
{'n_components': 1},,,,,,MAE validacao,3.14935111930843,microsoft_open,PLS,True,1
{'n_components': 2},,,,,,MAE validacao,1.9817324967331014,microsoft_open,PLS,True,2
{'n_components': 3},,,,,,MAE validacao,1.7619090931588877,microsoft_open,PLS,True,3
{'n_components': 4},,,,,,MAE validacao,1.7571231012396613,microsoft_open,PLS,True,4
{'n_components': 5},,,,,,MAE validacao,1.7798113702541358,microsoft_open,PLS,True,5
{'n_components': 6},,,,,,MAE validacao,1.827320626012785,microsoft_open,PLS,True,6
{'n_components': 7},,,,,,MAE validacao,1.7568880966825375,microsoft_open,PLS,True,7
{'n_components': 8},,,,,,MAE validacao,1.6019573341966875,microsoft_open,PLS,True,8
{'n_components': 9},,,,,,MAE validacao,1.6168372594270324,microsoft_open,PLS,True,9
{'n_components': 10},,,,,,MAE validacao,1.419915501428297,microsoft_open,PLS,True,10
{'n_components': 11},,,,,,MAE validacao,1.3090154817387551,microsoft_open,PLS,True,11
{'n_components': 12},,,,,,MAE validacao,1.2159591317016463,microsoft_open,PLS,True,12
{'n_components': 13},,,,,,MAE validacao,1.1953955086744452,microsoft_open,PLS,True,13
{'n_components': 14},,,,,,MAE validacao,1.2317793082836639,microsoft_open,PLS,True,14
{'n_components': 15},,,,,,MAE validacao,1.2882550301605755,microsoft_open,PLS,True,15
{'n_components': 16},,,,,,MAE validacao,1.2988764276373028,microsoft_open,PLS,True,16
{'n_components': 17},,,,,,MAE validacao,1.283386764700901,microsoft_open,PLS,True,17
{'n_components': 18},,,,,,MAE validacao,1.2910502414526661,microsoft_open,PLS,True,18
{'n_components': 19},,,,,,MAE validacao,1.2971347841347343,microsoft_open,PLS,True,19
{'n_components': 20},,,,,,MAE validacao,1.299603748883418,microsoft_open,PLS,True,20
{'n_components': 21},,,,,,MAE validacao,1.2991580554887663,microsoft_open,PLS,True,21
{'n_components': 22},,,,,,MAE validacao,1.2996781799725403,microsoft_open,PLS,True,22
{'n_components': 1},,,,,,MAE validacao,1.2607097911392358,pilgrims_close,PLS,True,1
{'n_components': 2},,,,,,MAE validacao,0.5843428805662872,pilgrims_close,PLS,True,2
{'n_components': 3},,,,,,MAE validacao,0.5862205750995007,pilgrims_close,PLS,True,3
{'n_components': 4},,,,,,MAE validacao,0.5747443797394015,pilgrims_close,PLS,True,4
{'n_components': 5},,,,,,MAE validacao,0.5887440790868874,pilgrims_close,PLS,True,5
{'n_components': 6},,,,,,MAE validacao,0.5853525322598753,pilgrims_close,PLS,True,6
{'n_components': 7},,,,,,MAE validacao,0.5707924618784095,pilgrims_close,PLS,True,7
{'n_components': 8},,,,,,MAE validacao,0.5517623976705406,pilgrims_close,PLS,True,8
{'n_components': 9},,,,,,MAE validacao,0.5535271813369527,pilgrims_close,PLS,True,9
{'n_components': 10},,,,,,MAE validacao,0.5227751706945057,pilgrims_close,PLS,True,10
{'n_components': 11},,,,,,MAE validacao,0.5171997252596868,pilgrims_close,PLS,True,11
{'n_components': 12},,,,,,MAE validacao,0.5175869134833715,pilgrims_close,PLS,True,12
{'n_components': 13},,,,,,MAE validacao,0.5113620328263376,pilgrims_close,PLS,True,13
{'n_components': 14},,,,,,MAE validacao,0.5052249313473877,pilgrims_close,PLS,True,14
{'n_components': 15},,,,,,MAE validacao,0.5068371637229648,pilgrims_close,PLS,True,15
{'n_components': 16},,,,,,MAE validacao,0.5048689572546661,pilgrims_close,PLS,True,16
{'n_components': 17},,,,,,MAE validacao,0.5047357015355387,pilgrims_close,PLS,True,17
{'n_components': 18},,,,,,MAE validacao,0.4985113260445845,pilgrims_close,PLS,True,18
{'n_components': 19},,,,,,MAE validacao,0.4970976752045868,pilgrims_close,PLS,True,19
{'n_components': 20},,,,,,MAE validacao,0.4977311984024003,pilgrims_close,PLS,True,20
{'n_components': 1},,,,,,MAE validacao,5005.235302517296,sales_profit,PLS,True,1
{'n_components': 2},,,,,,MAE validacao,5013.136073553701,sales_profit,PLS,True,2
{'n_components': 3},,,,,,MAE validacao,4949.7034480673565,sales_profit,PLS,True,3
{'n_components': 4},,,,,,MAE validacao,4798.711070088042,sales_profit,PLS,True,4
{'n_components': 5},,,,,,MAE validacao,4791.285730283431,sales_profit,PLS,True,5
{'n_components': 6},,,,,,MAE validacao,4816.333913134913,sales_profit,PLS,True,6
{'n_components': 7},,,,,,MAE validacao,4885.503124692164,sales_profit,PLS,True,7
{'n_components': 8},,,,,,MAE validacao,4901.697617166232,sales_profit,PLS,True,8
{'n_components': 9},,,,,,MAE validacao,4970.436232371651,sales_profit,PLS,True,9
{'n_components': 10},,,,,,MAE validacao,5010.588020126269,sales_profit,PLS,True,10
{'n_components': 11},,,,,,MAE validacao,4969.277906509212,sales_profit,PLS,True,11
{'n_components': 12},,,,,,MAE validacao,4890.109429156312,sales_profit,PLS,True,12
{'n_components': 13},,,,,,MAE validacao,4894.370208624521,sales_profit,PLS,True,13
{'n_components': 14},,,,,,MAE validacao,4902.229465140568,sales_profit,PLS,True,14
{'n_components': 15},,,,,,MAE validacao,4911.043001521195,sales_profit,PLS,True,15
{'n_components': 16},,,,,,MAE validacao,4909.5091740631615,sales_profit,PLS,True,16
{'n_components': 17},,,,,,MAE validacao,4885.1595271990855,sales_profit,PLS,True,17
{'n_components': 18},,,,,,MAE validacao,4880.29434520961,sales_profit,PLS,True,18
{'n_components': 19},,,,,,MAE validacao,4882.251118969052,sales_profit,PLS,True,19
{'n_components': 20},,,,,,MAE validacao,4881.595305146871,sales_profit,PLS,True,20
{'n_components': 21},,,,,,MAE validacao,4882.130508790169,sales_profit,PLS,True,21
