params,aic,bic
"{'order': (0, 0, 0), 'seasonal_order': (0, 0, 2, 30)}",2145.549272881184,2170.068009169107
"{'order': (0, 0, 0), 'seasonal_order': (2, 0, 0, 30)}",2145.947761667479,2170.471515517288
"{'order': (0, 0, 1), 'seasonal_order': (0, 0, 2, 30)}",2146.075882110218,2175.4923385331695
"{'order': (1, 0, 0), 'seasonal_order': (2, 0, 0, 30)}",2147.1786218486723,2176.6011053941797
"{'order': (1, 0, 0), 'seasonal_order': (0, 0, 2, 30)}",2147.4882031901993,2176.910686735707
"{'order': (0, 0, 0), 'seasonal_order': (1, 0, 2, 30)}",2147.68117499962,2177.1036585451275
"{'order': (0, 0, 1), 'seasonal_order': (2, 0, 0, 30)}",2148.355940034895,2177.784444654666
"{'order': (0, 0, 0), 'seasonal_order': (2, 0, 1, 30)}",2148.804983999022,2178.233488618793
"{'order': (0, 0, 2), 'seasonal_order': (0, 0, 2, 30)}",2146.4956138886178,2180.8077743352137
"{'order': (2, 0, 0), 'seasonal_order': (2, 0, 0, 30)}",2147.6401165783163,2181.9593157384265
"{'order': (0, 0, 1), 'seasonal_order': (1, 0, 2, 30)}",2148.2531177685523,2182.5723169286625
"{'order': (1, 0, 1), 'seasonal_order': (0, 0, 2, 30)}",2148.4541406976405,2182.7733398577507
"{'order': (2, 0, 0), 'seasonal_order': (0, 0, 2, 30)}",2149.242610068475,2183.5688408715673
"{'order': (0, 0, 0), 'seasonal_order': (2, 0, 2, 30)}",2149.50913032829,2183.8353611313823
"{'order': (1, 0, 1), 'seasonal_order': (2, 0, 0, 30)}",2149.5997263706804,2183.9259571737725
"{'order': (1, 0, 0), 'seasonal_order': (1, 0, 2, 30)}",2149.6704287779994,2183.9966595810915
"{'order': (1, 0, 0), 'seasonal_order': (2, 0, 1, 30)}",2149.963100956871,2184.2893317599633
"{'order': (0, 0, 2), 'seasonal_order': (2, 0, 0, 30)}",2150.028215568039,2184.361470957772
"{'order': (0, 0, 1), 'seasonal_order': (2, 0, 1, 30)}",2150.9982446290287,2185.3315000187617
"{'order': (1, 0, 2), 'seasonal_order': (0, 0, 2, 30)}",2148.516542329399,2187.730439982651
"{'order': (0, 0, 2), 'seasonal_order': (1, 0, 2, 30)}",2148.5831788178502,2187.7970764711026
"{'order': (2, 0, 1), 'seasonal_order': (2, 0, 0, 30)}",2149.484598150455,2188.7065400477236
"{'order': (2, 0, 1), 'seasonal_order': (0, 0, 2, 30)}",2149.8006655005765,2189.022607397845
"{'order': (0, 0, 1), 'seasonal_order': (2, 0, 2, 30)}",2150.153269691981,2189.37521158925
"{'order': (2, 0, 0), 'seasonal_order': (2, 0, 1, 30)}",2150.486087065585,2189.7080289628534
"{'order': (1, 0, 1), 'seasonal_order': (1, 0, 2, 30)}",2150.6138936606594,2189.835835557928
"{'order': (1, 0, 2), 'seasonal_order': (2, 0, 0, 30)}",2150.741531924411,2189.971509985088
"{'order': (2, 0, 0), 'seasonal_order': (1, 0, 2, 30)}",2151.4148367227044,2190.644814783381
"{'order': (1, 0, 0), 'seasonal_order': (2, 0, 2, 30)}",2151.52067304912,2190.7506511097968
"{'order': (1, 0, 1), 'seasonal_order': (2, 0, 1, 30)}",2152.2090063363594,2191.438984397036
"{'order': (0, 0, 2), 'seasonal_order': (2, 0, 1, 30)}",2152.642180688023,2191.8801868477176
"{'order': (0, 0, 2), 'seasonal_order': (2, 0, 2, 30)}",2150.417945916386,2194.5335807762954
"{'order': (2, 0, 2), 'seasonal_order': (0, 0, 2, 30)}",2150.428650120166,2194.544284980075
"{'order': (1, 0, 2), 'seasonal_order': (1, 0, 2, 30)}",2150.607724343067,2194.723359202976
"{'order': (2, 0, 2), 'seasonal_order': (2, 0, 0, 30)}",2151.4026392549004,2195.527323889328
"{'order': (2, 0, 1), 'seasonal_order': (1, 0, 2, 30)}",2151.926554155478,2196.0512387899053
"{'order': (2, 0, 0), 'seasonal_order': (2, 0, 2, 30)}",2151.9981231596716,2196.122807794099
"{'order': (2, 0, 1), 'seasonal_order': (2, 0, 1, 30)}",2152.406244436166,2196.5309290705936
"{'order': (1, 0, 1), 'seasonal_order': (2, 0, 2, 30)}",2152.434289912789,2196.5589745472166
"{'order': (1, 0, 2), 'seasonal_order': (2, 0, 1, 30)}",2153.5210801248913,2197.654805443153
"{'order': (1, 0, 2), 'seasonal_order': (2, 0, 2, 30)}",2152.444017516201,2201.4613895827665
"{'order': (2, 0, 2), 'seasonal_order': (1, 0, 2, 30)}",2152.5727862784356,2201.5901583450013
"{'order': (0, 0, 0), 'seasonal_order': (1, 0, 0, 30)}",2183.048308254603,2202.785897094317
"{'order': (2, 0, 1), 'seasonal_order': (2, 0, 2, 30)}",2153.7901541585125,2202.8175815300983
"{'order': (2, 0, 2), 'seasonal_order': (2, 0, 1, 30)}",2154.106303806759,2203.133731178345
"{'order': (0, 0, 0), 'seasonal_order': (0, 0, 1, 30)}",2183.562379762062,2203.2960718649847
"{'order': (0, 0, 1), 'seasonal_order': (0, 0, 1, 30)}",2183.190572121897,2207.8528115797594
"{'order': (2, 0, 2), 'seasonal_order': (2, 0, 2, 30)}",2154.4219257828554,2208.3410350560775
"{'order': (1, 0, 0), 'seasonal_order': (1, 0, 0, 30)}",2183.9468007402174,2208.613915868871
"{'order': (1, 0, 0), 'seasonal_order': (0, 0, 1, 30)}",2184.6379242256817,2209.3050393543353
"{'order': (0, 0, 1), 'seasonal_order': (1, 0, 0, 30)}",2185.0555410467346,2209.7275270963773
"{'order': (0, 0, 2), 'seasonal_order': (0, 0, 1, 30)}",2183.296993463683,2212.8858242972797
"{'order': (2, 0, 0), 'seasonal_order': (1, 0, 0, 30)}",2184.272529512087,2213.867216861522
"{'order': (0, 0, 0), 'seasonal_order': (1, 0, 1, 30)}",2189.6507814338656,2214.3178965625193
"{'order': (1, 0, 1), 'seasonal_order': (0, 0, 1, 30)}",2184.7974584849976,2214.3921458344325
"{'order': (1, 0, 1), 'seasonal_order': (1, 0, 0, 30)}",2185.921813480572,2215.522351634956
"{'order': (2, 0, 0), 'seasonal_order': (0, 0, 1, 30)}",2186.319287585494,2215.919825739878
"{'order': (0, 0, 2), 'seasonal_order': (1, 0, 0, 30)}",2186.7438564147083,2216.3502396742797
"{'order': (0, 0, 1), 'seasonal_order': (1, 0, 1, 30)}",2189.4327680058445,2219.0274553552795
"{'order': (1, 0, 2), 'seasonal_order': (0, 0, 1, 30)}",2185.3706320111214,2219.8909346503174
"{'order': (2, 0, 1), 'seasonal_order': (1, 0, 0, 30)}",2185.8348745457674,2220.362009786775
"{'order': (1, 0, 0), 'seasonal_order': (1, 0, 1, 30)}",2190.96219867445,2220.562736828834
"{'order': (2, 0, 1), 'seasonal_order': (0, 0, 1, 30)}",2186.4539527748257,2220.9810880158334
"{'order': (1, 0, 2), 'seasonal_order': (1, 0, 0, 30)}",2187.619227442687,2222.153188622802
"{'order': (0, 0, 2), 'seasonal_order': (1, 0, 1, 30)}",2189.4720534248713,2223.9923560640673
"{'order': (1, 0, 1), 'seasonal_order': (1, 0, 1, 30)}",2190.865923814288,2225.393059055296
"{'order': (2, 0, 0), 'seasonal_order': (1, 0, 1, 30)}",2191.149619662654,2225.6767549036617
"{'order': (2, 0, 2), 'seasonal_order': (0, 0, 1, 30)}",2186.9772743165804,2226.429048761376
"{'order': (2, 0, 2), 'seasonal_order': (1, 0, 0, 30)}",2188.17652683359,2227.63610996617
"{'order': (1, 0, 2), 'seasonal_order': (1, 0, 1, 30)}",2191.55326010178,2231.0050345465756
"{'order': (2, 0, 1), 'seasonal_order': (1, 0, 1, 30)}",2192.6319230358577,2232.0915061684377
"{'order': (2, 0, 2), 'seasonal_order': (1, 0, 1, 30)}",2193.1454728614012,2237.5287191117964
"{'order': (0, 0, 1), 'seasonal_order': (0, 0, 0, 30)}",2234.0651919672796,2253.9103761509205
"{'order': (1, 0, 0), 'seasonal_order': (0, 0, 0, 30)}",2235.174254628802,2255.0232284858666
"{'order': (0, 0, 2), 'seasonal_order': (0, 0, 0, 30)}",2234.678483012325,2259.480221657832
"{'order': (2, 0, 0), 'seasonal_order': (0, 0, 0, 30)}",2235.8006495498935,2260.607129779444
"{'order': (1, 0, 1), 'seasonal_order': (0, 0, 0, 30)}",2236.347239466528,2261.153719696079
"{'order': (1, 0, 2), 'seasonal_order': (0, 0, 0, 30)}",2236.7022302477403,2266.464316622348
"{'order': (2, 0, 1), 'seasonal_order': (0, 0, 0, 30)}",2237.7562245637237,2267.5240008391847
"{'order': (2, 0, 2), 'seasonal_order': (0, 0, 0, 30)}",2238.5146760041516,2273.2371101078606
"{'order': (0, 1, 1), 'seasonal_order': (0, 0, 2, 30)}",2369.615233406863,2399.0256566468024
"{'order': (0, 1, 1), 'seasonal_order': (2, 0, 0, 30)}",2370.753879053536,2400.1763625990434
"{'order': (0, 1, 2), 'seasonal_order': (0, 0, 2, 30)}",2370.862198902454,2405.1673135507704
"{'order': (0, 1, 1), 'seasonal_order': (1, 0, 2, 30)}",2371.5317300559154,2405.8438905025114
"{'order': (1, 1, 1), 'seasonal_order': (2, 0, 0, 30)}",2372.6386332036345,2406.9578323637447
"{'order': (0, 1, 1), 'seasonal_order': (2, 0, 1, 30)}",2372.755868955424,2407.082099758516
"{'order': (1, 1, 1), 'seasonal_order': (0, 0, 2, 30)}",2372.870720914746,2407.182881361342
"{'order': (0, 1, 2), 'seasonal_order': (2, 0, 0, 30)}",2373.574295279016,2407.900526082108
"{'order': (1, 1, 2), 'seasonal_order': (0, 0, 2, 30)}",2372.5663419628427,2411.772187275204
"{'order': (0, 1, 2), 'seasonal_order': (1, 0, 2, 30)}",2372.8358861318175,2412.041731444179
"{'order': (1, 1, 2), 'seasonal_order': (2, 0, 0, 30)}",2373.7627718550007,2412.9847137522693
"{'order': (0, 1, 1), 'seasonal_order': (2, 0, 2, 30)}",2373.9533079381417,2413.167205591394
"{'order': (2, 1, 1), 'seasonal_order': (2, 0, 0, 30)}",2374.4467218329487,2413.660619486201
"{'order': (1, 1, 1), 'seasonal_order': (2, 0, 1, 30)}",2374.6339600863253,2413.855901983594
"{'order': (1, 1, 1), 'seasonal_order': (1, 0, 2, 30)}",2374.793742681575,2414.0076403348276
"{'order': (0, 1, 2), 'seasonal_order': (2, 0, 1, 30)}",2375.572971101892,2414.802949162569
"{'order': (2, 1, 1), 'seasonal_order': (0, 0, 2, 30)}",2376.1487825164336,2415.362680169686
"{'order': (2, 1, 0), 'seasonal_order': (2, 0, 0, 30)}",2381.1552720322907,2415.4674324788866
"{'order': (2, 1, 2), 'seasonal_order': (2, 0, 0, 30)}",2374.181121223972,2418.296756083881
"{'order': (2, 1, 2), 'seasonal_order': (0, 0, 2, 30)}",2374.4476014659713,2418.5541774423777
"{'order': (2, 1, 0), 'seasonal_order': (0, 0, 2, 30)}",2384.237310649308,2418.556509809418
"{'order': (1, 1, 2), 'seasonal_order': (1, 0, 2, 30)}",2374.534746043404,2418.6413220198106
"{'order': (0, 1, 2), 'seasonal_order': (2, 0, 2, 30)}",2375.3175097801354,2419.424085756542
"{'order': (1, 1, 2), 'seasonal_order': (2, 0, 1, 30)}",2375.760255107079,2419.8849397415065
"{'order': (2, 1, 1), 'seasonal_order': (2, 0, 1, 30)}",2376.4427562113788,2420.558391071288
"{'order': (1, 1, 1), 'seasonal_order': (2, 0, 2, 30)}",2377.257335494656,2421.3729703545655
"{'order': (2, 1, 1), 'seasonal_order': (1, 0, 2, 30)}",2378.068661855403,2422.1842967153125
"{'order': (2, 1, 0), 'seasonal_order': (2, 0, 1, 30)}",2383.1475664932077,2422.36146414646
"{'order': (2, 1, 2), 'seasonal_order': (2, 0, 1, 30)}",2376.1790467625433,2425.196418829109
"{'order': (2, 1, 0), 'seasonal_order': (1, 0, 2, 30)}",2386.175628575474,2425.3975704727427
"{'order': (2, 1, 2), 'seasonal_order': (1, 0, 2, 30)}",2376.4164196312804,2425.423726271732
"{'order': (1, 1, 2), 'seasonal_order': (2, 0, 2, 30)}",2377.01220305473,2426.0195096951816
"{'order': (2, 1, 1), 'seasonal_order': (2, 0, 2, 30)}",2380.6456755512254,2429.663047617791
"{'order': (2, 1, 0), 'seasonal_order': (2, 0, 2, 30)}",2387.313194537278,2431.428829397187
"{'order': (2, 1, 2), 'seasonal_order': (2, 0, 2, 30)}",2378.8937917097646,2432.8018290142613
"{'order': (0, 1, 1), 'seasonal_order': (0, 0, 1, 30)}",2411.878799097256,2436.536158125253
"{'order': (0, 1, 1), 'seasonal_order': (1, 0, 0, 30)}",2415.1515375219174,2439.818652650571
"{'order': (1, 1, 0), 'seasonal_order': (2, 0, 0, 30)}",2412.618498262285,2442.0349546852362
"{'order': (0, 1, 1), 'seasonal_order': (1, 0, 1, 30)}",2413.2830131269284,2442.871843960525
"{'order': (0, 1, 2), 'seasonal_order': (0, 0, 1, 30)}",2413.3377448454567,2442.9207134411663
"{'order': (1, 1, 0), 'seasonal_order': (0, 0, 2, 30)}",2413.604921994694,2443.0213784176453
"{'order': (1, 1, 1), 'seasonal_order': (0, 0, 1, 30)}",2415.2549738627367,2444.8438046963333
"{'order': (1, 1, 1), 'seasonal_order': (1, 0, 0, 30)}",2416.2889264082296,2445.8836137576645
"{'order': (0, 1, 2), 'seasonal_order': (1, 0, 0, 30)}",2417.9755955204873,2447.5761336748715
"{'order': (1, 1, 0), 'seasonal_order': (2, 0, 1, 30)}",2414.5948921288227,2448.914091288933
"{'order': (0, 1, 2), 'seasonal_order': (1, 0, 1, 30)}",2414.7158009336044,2449.2292642952657
"{'order': (1, 1, 2), 'seasonal_order': (0, 0, 1, 30)}",2415.011911197603,2449.525374559264
"{'order': (1, 1, 0), 'seasonal_order': (1, 0, 2, 30)}",2415.5935757871093,2449.9127749472195
"{'order': (1, 1, 1), 'seasonal_order': (1, 0, 1, 30)}",2416.642838503479,2451.163141142675
"{'order': (1, 1, 2), 'seasonal_order': (1, 0, 0, 30)}",2417.3994153215053,2451.926550562513
"{'order': (2, 1, 1), 'seasonal_order': (1, 0, 0, 30)}",2418.0664804449043,2452.5867830841003
"{'order': (2, 1, 1), 'seasonal_order': (0, 0, 1, 30)}",2418.571601082755,2453.091903721951
"{'order': (2, 1, 0), 'seasonal_order': (1, 0, 0, 30)}",2425.06124586599,2454.6500766995864
"{'order': (1, 1, 2), 'seasonal_order': (1, 0, 1, 30)}",2416.3934902342985,2455.8374483619114
"{'order': (2, 1, 2), 'seasonal_order': (0, 0, 1, 30)}",2416.8908812840173,2456.33483941163
"{'order': (2, 1, 0), 'seasonal_order': (0, 0, 1, 30)}",2427.3159585401463,2456.9106458895812
"{'order': (2, 1, 2), 'seasonal_order': (1, 0, 0, 30)}",2417.6696051002878,2457.1213795450835
"{'order': (1, 1, 0), 'seasonal_order': (2, 0, 2, 30)}",2418.192857987217,2457.4147998844855
"{'order': (2, 1, 1), 'seasonal_order': (1, 0, 1, 30)}",2420.032915836657,2459.484690281453
"{'order': (2, 1, 0), 'seasonal_order': (1, 0, 1, 30)}",2426.989962457274,2461.51026509647
"{'order': (2, 1, 2), 'seasonal_order': (1, 0, 1, 30)}",2418.2727412875383,2462.647194181103
"{'order': (1, 1, 0), 'seasonal_order': (1, 0, 0, 30)}",2457.273757452006,2481.9359969098687
"{'order': (1, 1, 0), 'seasonal_order': (0, 0, 1, 30)}",2457.7930478224944,2482.455287280357
"{'order': (1, 1, 0), 'seasonal_order': (1, 0, 1, 30)}",2459.129153823266,2488.7238411727008
"{'order': (0, 1, 1), 'seasonal_order': (0, 0, 0, 30)}",2474.5603391030545,2494.4017300194596
"{'order': (0, 1, 2), 'seasonal_order': (0, 0, 0, 30)}",2475.4709009254143,2500.267893486084
"{'order': (1, 1, 1), 'seasonal_order': (0, 0, 0, 30)}",2477.195731127279,2501.9974697727857
"{'order': (1, 1, 2), 'seasonal_order': (0, 0, 0, 30)}",2477.1934405303273,2506.9498316031313
"{'order': (2, 1, 1), 'seasonal_order': (0, 0, 0, 30)}",2480.4232803136692,2510.185366688277
"{'order': (2, 1, 0), 'seasonal_order': (0, 0, 0, 30)}",2486.3193197068217,2511.1210583523284
"{'order': (2, 1, 2), 'seasonal_order': (0, 0, 0, 30)}",2479.099635717602,2513.8154253025396
"{'order': (1, 1, 0), 'seasonal_order': (0, 0, 0, 30)}",2518.6813211755557,2538.5265053591966
"{'order': (0, 1, 0), 'seasonal_order': (2, 0, 0, 30)}",2596.661224703389,2621.179960991312
"{'order': (0, 1, 0), 'seasonal_order': (0, 0, 2, 30)}",2596.9176159563344,2621.4313296421274
"{'order': (0, 1, 0), 'seasonal_order': (1, 0, 2, 30)}",2598.777088578281,2628.1935450012325
"{'order': (0, 1, 0), 'seasonal_order': (2, 0, 1, 30)}",2598.928102882313,2628.3505864278204
"{'order': (0, 1, 0), 'seasonal_order': (2, 0, 2, 30)}",2600.851521226357,2635.170720386467
"{'order': (0, 1, 0), 'seasonal_order': (0, 0, 1, 30)}",2646.500996595075,2666.230788161365
"{'order': (0, 1, 0), 'seasonal_order': (1, 0, 0, 30)}",2646.5492281808774,2666.2829202838
"{'order': (0, 1, 0), 'seasonal_order': (1, 0, 1, 30)}",2647.626122570054,2672.2883620279167
"{'order': (0, 0, 0), 'seasonal_order': (0, 0, 0, 30)}",8530.371820507335,8545.258550900133
"{'order': (0, 1, 0), 'seasonal_order': (0, 0, 0, 30)}",9003.925136943566,9018.809025081297
