params,aic,bic,cache_versao,base_cache,cenario_cache,m_cache,d_cache,D_cache,exog_hash
"{'order': (1, 1, 1), 'seasonal_order': (1, 0, 2, 30)}",3928.976062054619,3973.498845983838,sarimax_v3,delhi_temperatura,padrao,30,1,0,ec0c257510d5
"{'order': (1, 1, 1), 'seasonal_order': (0, 0, 2, 30)}",3934.3738230059926,3973.949630943076,sarimax_v3,delhi_temperatura,padrao,30,1,0,ec0c257510d5
"{'order': (1, 1, 2), 'seasonal_order': (0, 0, 2, 30)}",3929.6908633108324,3974.2049892307255,sarimax_v3,delhi_temperatura,padrao,30,1,0,ec0c257510d5
"{'order': (1, 1, 2), 'seasonal_order': (1, 0, 2, 30)}",3925.461922210842,3974.9220621218346,sarimax_v3,delhi_temperatura,padrao,30,1,0,ec0c257510d5
"{'order': (1, 1, 1), 'seasonal_order': (2, 0, 0, 30)}",3936.8392481555234,3976.422744704443,sarimax_v3,delhi_temperatura,padrao,30,1,0,ec0c257510d5
"{'order': (1, 1, 1), 'seasonal_order': (2, 0, 1, 30)}",3933.446669889153,3977.9781035066876,sarimax_v3,delhi_temperatura,padrao,30,1,0,ec0c257510d5
"{'order': (2, 1, 2), 'seasonal_order': (1, 0, 2, 30)}",3923.7710067025237,3978.177160604615,sarimax_v3,delhi_temperatura,padrao,30,1,0,ec0c257510d5
"{'order': (2, 1, 1), 'seasonal_order': (2, 0, 0, 30)}",3934.9619182125834,3979.4847021418022,sarimax_v3,delhi_temperatura,padrao,30,1,0,ec0c257510d5
"{'order': (2, 1, 1), 'seasonal_order': (1, 0, 2, 30)}",3930.727684113873,3980.197444035227,sarimax_v3,delhi_temperatura,padrao,30,1,0,ec0c257510d5
"{'order': (2, 1, 1), 'seasonal_order': (2, 0, 1, 30)}",3930.926588483786,3980.39634840514,sarimax_v3,delhi_temperatura,padrao,30,1,0,ec0c257510d5
"{'order': (1, 1, 1), 'seasonal_order': (2, 0, 2, 30)}",3930.93706771939,3980.4068276407443,sarimax_v3,delhi_temperatura,padrao,30,1,0,ec0c257510d5
"{'order': (2, 1, 2), 'seasonal_order': (0, 0, 2, 30)}",3931.1530255724647,3980.613165483457,sarimax_v3,delhi_temperatura,padrao,30,1,0,ec0c257510d5
"{'order': (2, 1, 1), 'seasonal_order': (0, 0, 2, 30)}",3936.2970538352756,3980.8198377644944,sarimax_v3,delhi_temperatura,padrao,30,1,0,ec0c257510d5
"{'order': (2, 0, 1), 'seasonal_order': (2, 0, 0, 30)}",3936.946108696441,3981.477542313976,sarimax_v3,delhi_temperatura,padrao,30,1,0,ec0c257510d5
"{'order': (1, 1, 2), 'seasonal_order': (2, 0, 2, 30)}",3927.4608820748585,3981.86703597695,sarimax_v3,delhi_temperatura,padrao,30,1,0,ec0c257510d5
"{'order': (2, 0, 1), 'seasonal_order': (1, 0, 2, 30)}",3932.740720938459,3982.220091624609,sarimax_v3,delhi_temperatura,padrao,30,1,0,ec0c257510d5
"{'order': (2, 0, 1), 'seasonal_order': (2, 0, 1, 30)}",3933.0284542831323,3982.507824969282,sarimax_v3,delhi_temperatura,padrao,30,1,0,ec0c257510d5
"{'order': (2, 0, 1), 'seasonal_order': (0, 0, 2, 30)}",3938.282982227932,3982.8144158454666,sarimax_v3,delhi_temperatura,padrao,30,1,0,ec0c257510d5
"{'order': (1, 1, 2), 'seasonal_order': (2, 0, 0, 30)}",3938.769059896671,3983.3004935142058,sarimax_v3,delhi_temperatura,padrao,30,1,0,ec0c257510d5
"{'order': (2, 1, 2), 'seasonal_order': (2, 0, 0, 30)}",3934.2555999936094,3983.7253599149635,sarimax_v3,delhi_temperatura,padrao,30,1,0,ec0c257510d5
"{'order': (1, 1, 2), 'seasonal_order': (2, 0, 1, 30)}",3935.1892113867257,3984.6685820728753,sarimax_v3,delhi_temperatura,padrao,30,1,0,ec0c257510d5
"{'order': (2, 0, 2), 'seasonal_order': (1, 0, 2, 30)}",3930.583591042063,3985.0003269555523,sarimax_v3,delhi_temperatura,padrao,30,1,0,ec0c257510d5
"{'order': (2, 0, 2), 'seasonal_order': (0, 0, 2, 30)}",3936.9840768687845,3986.4538367901387,sarimax_v3,delhi_temperatura,padrao,30,1,0,ec0c257510d5
"{'order': (2, 1, 2), 'seasonal_order': (2, 0, 1, 30)}",3932.2732852393265,3986.690021152816,sarimax_v3,delhi_temperatura,padrao,30,1,0,ec0c257510d5
"{'order': (0, 1, 2), 'seasonal_order': (0, 0, 2, 30)}",3947.3349384178664,3986.90305034666,sarimax_v3,delhi_temperatura,padrao,30,1,0,ec0c257510d5
"{'order': (2, 1, 1), 'seasonal_order': (2, 0, 2, 30)}",3932.686931513307,3987.1036674267966,sarimax_v3,delhi_temperatura,padrao,30,1,0,ec0c257510d5
"{'order': (2, 0, 2), 'seasonal_order': (2, 0, 0, 30)}",3938.810116039843,3988.2894867259924,sarimax_v3,delhi_temperatura,padrao,30,1,0,ec0c257510d5
"{'order': (2, 0, 2), 'seasonal_order': (2, 0, 1, 30)}",3934.7482880791877,3989.1755958339522,sarimax_v3,delhi_temperatura,padrao,30,1,0,ec0c257510d5
"{'order': (2, 0, 1), 'seasonal_order': (2, 0, 2, 30)}",3935.0526870420913,3989.479994796856,sarimax_v3,delhi_temperatura,padrao,30,1,0,ec0c257510d5
"{'order': (2, 1, 2), 'seasonal_order': (2, 0, 2, 30)}",3930.749774061145,3990.101941954336,sarimax_v3,delhi_temperatura,padrao,30,1,0,ec0c257510d5
"{'order': (0, 1, 2), 'seasonal_order': (1, 0, 2, 30)}",3945.8570393314003,3990.3711652512934,sarimax_v3,delhi_temperatura,padrao,30,1,0,ec0c257510d5
"{'order': (2, 0, 2), 'seasonal_order': (2, 0, 2, 30)}",3932.537052240379,3991.9007641460043,sarimax_v3,delhi_temperatura,padrao,30,1,0,ec0c257510d5
"{'order': (1, 0, 2), 'seasonal_order': (0, 0, 2, 30)}",3951.13982739787,3995.6626113270886,sarimax_v3,delhi_temperatura,padrao,30,1,0,ec0c257510d5
"{'order': (0, 1, 2), 'seasonal_order': (2, 0, 2, 30)}",3947.8493030656045,3997.309442976597,sarimax_v3,delhi_temperatura,padrao,30,1,0,ec0c257510d5
"{'order': (1, 0, 2), 'seasonal_order': (1, 0, 2, 30)}",3948.272643681929,3997.742403603283,sarimax_v3,delhi_temperatura,padrao,30,1,0,ec0c257510d5
"{'order': (0, 1, 2), 'seasonal_order': (2, 0, 0, 30)}",3958.944709756577,3998.5358875350835,sarimax_v3,delhi_temperatura,padrao,30,1,0,ec0c257510d5
"{'order': (1, 0, 2), 'seasonal_order': (2, 0, 0, 30)}",3956.0876622048245,4000.6277372056443,sarimax_v3,delhi_temperatura,padrao,30,1,0,ec0c257510d5
"{'order': (0, 1, 2), 'seasonal_order': (2, 0, 1, 30)}",3956.407954088126,4000.948029088946,sarimax_v3,delhi_temperatura,padrao,30,1,0,ec0c257510d5
"{'order': (1, 0, 2), 'seasonal_order': (2, 0, 1, 30)}",3954.0095354386813,4003.4985076618145,sarimax_v3,delhi_temperatura,padrao,30,1,0,ec0c257510d5
"{'order': (1, 0, 2), 'seasonal_order': (2, 0, 2, 30)}",3950.225832319291,4004.6425682327804,sarimax_v3,delhi_temperatura,padrao,30,1,0,ec0c257510d5
"{'order': (0, 1, 1), 'seasonal_order': (0, 0, 2, 30)}",3972.9952766539514,4007.624108598899,sarimax_v3,delhi_temperatura,padrao,30,1,0,ec0c257510d5
"{'order': (0, 1, 1), 'seasonal_order': (1, 0, 2, 30)}",3970.1636794187148,4009.7394873557982,sarimax_v3,delhi_temperatura,padrao,30,1,0,ec0c257510d5
"{'order': (2, 1, 0), 'seasonal_order': (2, 0, 0, 30)}",3970.819688547497,4010.3954964845807,sarimax_v3,delhi_temperatura,padrao,30,1,0,ec0c257510d5
"{'order': (1, 0, 1), 'seasonal_order': (0, 0, 2, 30)}",3970.880952841172,4010.464449390092,sarimax_v3,delhi_temperatura,padrao,30,1,0,ec0c257510d5
"{'order': (1, 0, 1), 'seasonal_order': (2, 0, 0, 30)}",3972.6118219376363,4012.2029997161426,sarimax_v3,delhi_temperatura,padrao,30,1,0,ec0c257510d5
"{'order': (1, 0, 1), 'seasonal_order': (1, 0, 2, 30)}",3968.579983355242,4013.1114169727766,sarimax_v3,delhi_temperatura,padrao,30,1,0,ec0c257510d5
"{'order': (2, 1, 0), 'seasonal_order': (2, 0, 1, 30)}",3968.6339736373047,4013.1567575665235,sarimax_v3,delhi_temperatura,padrao,30,1,0,ec0c257510d5
"{'order': (0, 1, 1), 'seasonal_order': (2, 0, 0, 30)}",3978.6568704783886,4013.299151034582,sarimax_v3,delhi_temperatura,padrao,30,1,0,ec0c257510d5
"{'order': (2, 1, 0), 'seasonal_order': (0, 0, 2, 30)}",3975.373238903531,4014.9567354524506,sarimax_v3,delhi_temperatura,padrao,30,1,0,ec0c257510d5
"{'order': (1, 0, 1), 'seasonal_order': (2, 0, 1, 30)}",3971.455737253692,4015.9958122545117,sarimax_v3,delhi_temperatura,padrao,30,1,0,ec0c257510d5
"{'order': (0, 1, 1), 'seasonal_order': (2, 0, 2, 30)}",3972.137084210009,4016.659868139228,sarimax_v3,delhi_temperatura,padrao,30,1,0,ec0c257510d5
"{'order': (2, 1, 0), 'seasonal_order': (1, 0, 2, 30)}",3972.1465729165084,4016.678006534043,sarimax_v3,delhi_temperatura,padrao,30,1,0,ec0c257510d5
"{'order': (0, 1, 1), 'seasonal_order': (2, 0, 1, 30)}",3977.1497792112395,4016.740956989746,sarimax_v3,delhi_temperatura,padrao,30,1,0,ec0c257510d5
"{'order': (2, 0, 0), 'seasonal_order': (2, 0, 0, 30)}",3977.352159234116,4016.9356557830356,sarimax_v3,delhi_temperatura,padrao,30,1,0,ec0c257510d5
"{'order': (1, 1, 0), 'seasonal_order': (2, 0, 0, 30)}",3985.2232549316022,4019.858814411907,sarimax_v3,delhi_temperatura,padrao,30,1,0,ec0c257510d5
"{'order': (2, 1, 0), 'seasonal_order': (2, 0, 2, 30)}",3970.4686676595848,4019.938427580939,sarimax_v3,delhi_temperatura,padrao,30,1,0,ec0c257510d5
"{'order': (2, 0, 0), 'seasonal_order': (2, 0, 1, 30)}",3975.4891487608156,4020.0205823783504,sarimax_v3,delhi_temperatura,padrao,30,1,0,ec0c257510d5
"{'order': (1, 0, 1), 'seasonal_order': (2, 0, 2, 30)}",3970.569905301346,4020.0492759874955,sarimax_v3,delhi_temperatura,padrao,30,1,0,ec0c257510d5
"{'order': (1, 1, 0), 'seasonal_order': (0, 0, 2, 30)}",3986.2803414327036,4020.9159009130085,sarimax_v3,delhi_temperatura,padrao,30,1,0,ec0c257510d5
"{'order': (2, 0, 0), 'seasonal_order': (0, 0, 2, 30)}",3981.3419047275547,4020.933082506061,sarimax_v3,delhi_temperatura,padrao,30,1,0,ec0c257510d5
"{'order': (1, 1, 0), 'seasonal_order': (1, 0, 2, 30)}",3982.496777087688,4022.0802736366077,sarimax_v3,delhi_temperatura,padrao,30,1,0,ec0c257510d5
"{'order': (1, 1, 0), 'seasonal_order': (2, 0, 1, 30)}",3982.7266087578246,4022.3101053067444,sarimax_v3,delhi_temperatura,padrao,30,1,0,ec0c257510d5
"{'order': (2, 0, 0), 'seasonal_order': (1, 0, 2, 30)}",3978.219513821854,4022.759588822674,sarimax_v3,delhi_temperatura,padrao,30,1,0,ec0c257510d5
"{'order': (2, 0, 0), 'seasonal_order': (2, 0, 2, 30)}",3977.4115479845623,4026.890918670712,sarimax_v3,delhi_temperatura,padrao,30,1,0,ec0c257510d5
"{'order': (1, 1, 0), 'seasonal_order': (2, 0, 2, 30)}",3984.491466500618,4029.022900118153,sarimax_v3,delhi_temperatura,padrao,30,1,0,ec0c257510d5
"{'order': (1, 0, 0), 'seasonal_order': (2, 0, 0, 30)}",4002.564254837124,4037.206535393317,sarimax_v3,delhi_temperatura,padrao,30,1,0,ec0c257510d5
"{'order': (1, 0, 0), 'seasonal_order': (1, 0, 2, 30)}",3997.8488498690385,4037.440027647545,sarimax_v3,delhi_temperatura,padrao,30,1,0,ec0c257510d5
"{'order': (1, 0, 0), 'seasonal_order': (2, 0, 1, 30)}",3997.8970809484786,4037.488258726985,sarimax_v3,delhi_temperatura,padrao,30,1,0,ec0c257510d5
"{'order': (1, 0, 0), 'seasonal_order': (0, 0, 2, 30)}",4003.757624086597,4038.3999046427903,sarimax_v3,delhi_temperatura,padrao,30,1,0,ec0c257510d5
"{'order': (0, 1, 0), 'seasonal_order': (1, 0, 2, 30)}",4005.454608110452,4040.090167590757,sarimax_v3,delhi_temperatura,padrao,30,1,0,ec0c257510d5
"{'order': (0, 1, 0), 'seasonal_order': (0, 0, 2, 30)}",4012.3731781656397,4042.0608005773297,sarimax_v3,delhi_temperatura,padrao,30,1,0,ec0c257510d5
"{'order': (0, 1, 0), 'seasonal_order': (2, 0, 1, 30)}",4008.627800702607,4043.2700812588005,sarimax_v3,delhi_temperatura,padrao,30,1,0,ec0c257510d5
"{'order': (0, 1, 0), 'seasonal_order': (2, 0, 0, 30)}",4014.179988173799,4043.8733715076787,sarimax_v3,delhi_temperatura,padrao,30,1,0,ec0c257510d5
"{'order': (1, 0, 0), 'seasonal_order': (2, 0, 2, 30)}",3999.8440559661785,4044.3841309669983,sarimax_v3,delhi_temperatura,padrao,30,1,0,ec0c257510d5
"{'order': (0, 1, 0), 'seasonal_order': (2, 0, 2, 30)}",4007.4293700542275,4047.0128666031474,sarimax_v3,delhi_temperatura,padrao,30,1,0,ec0c257510d5
"{'order': (1, 1, 1), 'seasonal_order': (0, 0, 1, 30)}",4044.888013038993,4079.715910531185,sarimax_v3,delhi_temperatura,padrao,30,1,0,ec0c257510d5
"{'order': (1, 1, 2), 'seasonal_order': (0, 0, 1, 30)}",4043.0020201911193,4082.7978514793194,sarimax_v3,delhi_temperatura,padrao,30,1,0,ec0c257510d5
"{'order': (1, 1, 1), 'seasonal_order': (1, 0, 0, 30)}",4049.249000213399,4084.083436706533,sarimax_v3,delhi_temperatura,padrao,30,1,0,ec0c257510d5
"{'order': (1, 1, 1), 'seasonal_order': (1, 0, 1, 30)}",4046.2608400764293,4086.064151496077,sarimax_v3,delhi_temperatura,padrao,30,1,0,ec0c257510d5
"{'order': (2, 1, 1), 'seasonal_order': (0, 0, 1, 30)}",4046.378964657662,4086.18227607731,sarimax_v3,delhi_temperatura,padrao,30,1,0,ec0c257510d5
"{'order': (2, 0, 1), 'seasonal_order': (0, 0, 1, 30)}",4047.101807288239,4086.9125918518207,sarimax_v3,delhi_temperatura,padrao,30,1,0,ec0c257510d5
"{'order': (2, 1, 1), 'seasonal_order': (1, 0, 0, 30)}",4047.5479960070224,4087.3513074266702,sarimax_v3,delhi_temperatura,padrao,30,1,0,ec0c257510d5
"{'order': (2, 0, 1), 'seasonal_order': (1, 0, 0, 30)}",4048.3005270762233,4088.111311639805,sarimax_v3,delhi_temperatura,padrao,30,1,0,ec0c257510d5
"{'order': (1, 1, 2), 'seasonal_order': (1, 0, 1, 30)}",4044.2131846871507,4088.9834948863763,sarimax_v3,delhi_temperatura,padrao,30,1,0,ec0c257510d5
"{'order': (2, 1, 2), 'seasonal_order': (0, 0, 1, 30)}",4044.6359716251327,4089.4062818243583,sarimax_v3,delhi_temperatura,padrao,30,1,0,ec0c257510d5
"{'order': (2, 0, 2), 'seasonal_order': (0, 0, 1, 30)}",4045.7396426820924,4090.518368029196,sarimax_v3,delhi_temperatura,padrao,30,1,0,ec0c257510d5
"{'order': (1, 1, 2), 'seasonal_order': (1, 0, 0, 30)}",4050.7558212356084,4090.5666057991903,sarimax_v3,delhi_temperatura,padrao,30,1,0,ec0c257510d5
"{'order': (2, 1, 1), 'seasonal_order': (1, 0, 1, 30)}",4047.877353343208,4092.656078690312,sarimax_v3,delhi_temperatura,padrao,30,1,0,ec0c257510d5
"{'order': (2, 0, 1), 'seasonal_order': (1, 0, 1, 30)}",4048.3690554083732,4093.156188042403,sarimax_v3,delhi_temperatura,padrao,30,1,0,ec0c257510d5
"{'order': (0, 1, 2), 'seasonal_order': (0, 0, 1, 30)}",4058.83989142438,4093.661243801555,sarimax_v3,delhi_temperatura,padrao,30,1,0,ec0c257510d5
"{'order': (2, 1, 2), 'seasonal_order': (1, 0, 0, 30)}",4049.723992857875,4094.502718204979,sarimax_v3,delhi_temperatura,padrao,30,1,0,ec0c257510d5
"{'order': (2, 0, 2), 'seasonal_order': (1, 0, 0, 30)}",4049.75414830124,4094.5412809352697,sarimax_v3,delhi_temperatura,padrao,30,1,0,ec0c257510d5
"{'order': (2, 1, 2), 'seasonal_order': (1, 0, 1, 30)}",4045.8156699164874,4095.560459026738,sarimax_v3,delhi_temperatura,padrao,30,1,0,ec0c257510d5
"{'order': (2, 0, 2), 'seasonal_order': (1, 0, 1, 30)}",4046.948519352588,4096.702658627148,sarimax_v3,delhi_temperatura,padrao,30,1,0,ec0c257510d5
"{'order': (1, 0, 2), 'seasonal_order': (0, 0, 1, 30)}",4059.6176012301976,4099.420912649845,sarimax_v3,delhi_temperatura,padrao,30,1,0,ec0c257510d5
"{'order': (0, 1, 2), 'seasonal_order': (1, 0, 1, 30)}",4059.6743021337843,4099.470133421984,sarimax_v3,delhi_temperatura,padrao,30,1,0,ec0c257510d5
"{'order': (0, 1, 2), 'seasonal_order': (1, 0, 0, 30)}",4069.501560811219,4104.342530202634,sarimax_v3,delhi_temperatura,padrao,30,1,0,ec0c257510d5
"{'order': (1, 0, 2), 'seasonal_order': (1, 0, 1, 30)}",4060.560527233524,4105.3392525806275,sarimax_v3,delhi_temperatura,padrao,30,1,0,ec0c257510d5
"{'order': (1, 0, 2), 'seasonal_order': (1, 0, 0, 30)}",4066.3555597018726,4106.173810434919,sarimax_v3,delhi_temperatura,padrao,30,1,0,ec0c257510d5
"{'order': (0, 1, 1), 'seasonal_order': (0, 0, 1, 30)}",4086.076170832691,4115.928654397427,sarimax_v3,delhi_temperatura,padrao,30,1,0,ec0c257510d5
"{'order': (1, 0, 1), 'seasonal_order': (0, 0, 1, 30)}",4082.1358440801255,4116.9702805732595,sarimax_v3,delhi_temperatura,padrao,30,1,0,ec0c257510d5
"{'order': (2, 1, 0), 'seasonal_order': (1, 0, 0, 30)}",4084.145190932587,4118.973088424778,sarimax_v3,delhi_temperatura,padrao,30,1,0,ec0c257510d5
"{'order': (1, 0, 1), 'seasonal_order': (1, 0, 0, 30)}",4085.9379882720405,4120.778957663456,sarimax_v3,delhi_temperatura,padrao,30,1,0,ec0c257510d5
"{'order': (2, 1, 0), 'seasonal_order': (0, 0, 1, 30)}",4086.1710911778,4121.0055276709345,sarimax_v3,delhi_temperatura,padrao,30,1,0,ec0c257510d5
"{'order': (0, 1, 1), 'seasonal_order': (1, 0, 1, 30)}",4087.226695647273,4122.0545931394645,sarimax_v3,delhi_temperatura,padrao,30,1,0,ec0c257510d5
"{'order': (0, 1, 1), 'seasonal_order': (1, 0, 0, 30)}",4092.6142166354975,4122.477904685282,sarimax_v3,delhi_temperatura,padrao,30,1,0,ec0c257510d5
"{'order': (1, 0, 1), 'seasonal_order': (1, 0, 1, 30)}",4083.270059613096,4123.080844176678,sarimax_v3,delhi_temperatura,padrao,30,1,0,ec0c257510d5
"{'order': (2, 1, 0), 'seasonal_order': (1, 0, 1, 30)}",4084.1968369356364,4124.000148355284,sarimax_v3,delhi_temperatura,padrao,30,1,0,ec0c257510d5
"{'order': (2, 0, 0), 'seasonal_order': (1, 0, 0, 30)}",4091.040021272622,4125.874457765756,sarimax_v3,delhi_temperatura,padrao,30,1,0,ec0c257510d5
"{'order': (2, 0, 0), 'seasonal_order': (0, 0, 1, 30)}",4092.8714512866345,4127.71242067805,sarimax_v3,delhi_temperatura,padrao,30,1,0,ec0c257510d5
"{'order': (1, 1, 0), 'seasonal_order': (0, 0, 1, 30)}",4098.865746665854,4128.723835088541,sarimax_v3,delhi_temperatura,padrao,30,1,0,ec0c257510d5
"{'order': (1, 1, 0), 'seasonal_order': (1, 0, 0, 30)}",4099.684884481563,4129.542972904249,sarimax_v3,delhi_temperatura,padrao,30,1,0,ec0c257510d5
"{'order': (2, 0, 0), 'seasonal_order': (1, 0, 1, 30)}",4091.219361372793,4131.030145936375,sarimax_v3,delhi_temperatura,padrao,30,1,0,ec0c257510d5
"{'order': (1, 1, 0), 'seasonal_order': (1, 0, 1, 30)}",4100.029917009439,4134.864353502573,sarimax_v3,delhi_temperatura,padrao,30,1,0,ec0c257510d5
"{'order': (1, 0, 0), 'seasonal_order': (0, 0, 1, 30)}",4114.588011202508,4144.451699252292,sarimax_v3,delhi_temperatura,padrao,30,1,0,ec0c257510d5
"{'order': (1, 0, 0), 'seasonal_order': (1, 0, 0, 30)}",4115.556422090135,4145.420110139919,sarimax_v3,delhi_temperatura,padrao,30,1,0,ec0c257510d5
"{'order': (0, 1, 0), 'seasonal_order': (0, 0, 1, 30)}",4124.242878854951,4149.12461920719,sarimax_v3,delhi_temperatura,padrao,30,1,0,ec0c257510d5
"{'order': (1, 0, 0), 'seasonal_order': (1, 0, 1, 30)}",4115.885862126676,4150.726831518092,sarimax_v3,delhi_temperatura,padrao,30,1,0,ec0c257510d5
"{'order': (0, 1, 0), 'seasonal_order': (1, 0, 0, 30)}",4127.88574052704,4152.772147235194,sarimax_v3,delhi_temperatura,padrao,30,1,0,ec0c257510d5
"{'order': (0, 1, 0), 'seasonal_order': (1, 0, 1, 30)}",4125.312026402785,4155.1701148254715,sarimax_v3,delhi_temperatura,padrao,30,1,0,ec0c257510d5
"{'order': (1, 1, 1), 'seasonal_order': (0, 0, 0, 30)}",4183.352596518423,4213.370989271141,sarimax_v3,delhi_temperatura,padrao,30,1,0,ec0c257510d5
"{'order': (1, 1, 2), 'seasonal_order': (0, 0, 0, 30)}",4180.259722708384,4215.2748143892095,sarimax_v3,delhi_temperatura,padrao,30,1,0,ec0c257510d5
"{'order': (2, 0, 1), 'seasonal_order': (0, 0, 0, 30)}",4183.54297560062,4218.570794557679,sarimax_v3,delhi_temperatura,padrao,30,1,0,ec0c257510d5
"{'order': (2, 1, 1), 'seasonal_order': (0, 0, 0, 30)}",4184.3395882194145,4219.3610464309195,sarimax_v3,delhi_temperatura,padrao,30,1,0,ec0c257510d5
"{'order': (2, 1, 2), 'seasonal_order': (0, 0, 0, 30)}",4179.605459270654,4219.622706905883,sarimax_v3,delhi_temperatura,padrao,30,1,0,ec0c257510d5
"{'order': (2, 0, 2), 'seasonal_order': (0, 0, 0, 30)}",4181.3357883668605,4221.360312037152,sarimax_v3,delhi_temperatura,padrao,30,1,0,ec0c257510d5
"{'order': (0, 1, 2), 'seasonal_order': (0, 0, 0, 30)}",4196.144234559266,4226.157170285687,sarimax_v3,delhi_temperatura,padrao,30,1,0,ec0c257510d5
"{'order': (1, 0, 2), 'seasonal_order': (0, 0, 0, 30)}",4194.332465016453,4229.353923227958,sarimax_v3,delhi_temperatura,padrao,30,1,0,ec0c257510d5
"{'order': (1, 0, 1), 'seasonal_order': (0, 0, 0, 30)}",4212.439966580161,4242.463811400497,sarimax_v3,delhi_temperatura,padrao,30,1,0,ec0c257510d5
"{'order': (0, 1, 1), 'seasonal_order': (0, 0, 0, 30)}",4217.533118105472,4242.548445399404,sarimax_v3,delhi_temperatura,padrao,30,1,0,ec0c257510d5
"{'order': (2, 1, 0), 'seasonal_order': (0, 0, 0, 30)}",4217.894223571596,4247.9126163243145,sarimax_v3,delhi_temperatura,padrao,30,1,0,ec0c257510d5
"{'order': (2, 0, 0), 'seasonal_order': (0, 0, 0, 30)}",4221.120162160804,4251.144006981141,sarimax_v3,delhi_temperatura,padrao,30,1,0,ec0c257510d5
"{'order': (1, 1, 0), 'seasonal_order': (0, 0, 0, 30)}",4230.684506193129,4255.704376876743,sarimax_v3,delhi_temperatura,padrao,30,1,0,ec0c257510d5
"{'order': (1, 0, 0), 'seasonal_order': (0, 0, 0, 30)}",4254.158672442349,4279.183082390913,sarimax_v3,delhi_temperatura,padrao,30,1,0,ec0c257510d5
"{'order': (0, 1, 0), 'seasonal_order': (0, 0, 0, 30)}",4261.4102253890105,4281.426121935901,sarimax_v3,delhi_temperatura,padrao,30,1,0,ec0c257510d5
"{'order': (0, 0, 2), 'seasonal_order': (2, 0, 2, 30)}",4614.104119277697,4663.573879199051,sarimax_v3,delhi_temperatura,padrao,30,1,0,ec0c257510d5
"{'order': (0, 0, 2), 'seasonal_order': (2, 0, 1, 30)}",4666.78399992212,4711.332708017127,sarimax_v3,delhi_temperatura,padrao,30,1,0,ec0c257510d5
"{'order': (0, 0, 1), 'seasonal_order': (2, 0, 2, 30)}",4679.474951819646,4724.00638543718,sarimax_v3,delhi_temperatura,padrao,30,1,0,ec0c257510d5
"{'order': (0, 0, 2), 'seasonal_order': (1, 0, 2, 30)}",4758.2739703024345,4802.796754231653,sarimax_v3,delhi_temperatura,padrao,30,1,0,ec0c257510d5
"{'order': (0, 0, 1), 'seasonal_order': (2, 0, 1, 30)}",4890.20322745843,4929.8020790984365,sarimax_v3,delhi_temperatura,padrao,30,1,0,ec0c257510d5
"{'order': (0, 0, 2), 'seasonal_order': (2, 0, 0, 30)}",4906.488917632763,4946.08776927277,sarimax_v3,delhi_temperatura,padrao,30,1,0,ec0c257510d5
"{'order': (0, 0, 2), 'seasonal_order': (0, 0, 2, 30)}",4931.417569602551,4970.993377539635,sarimax_v3,delhi_temperatura,padrao,30,1,0,ec0c257510d5
"{'order': (0, 0, 2), 'seasonal_order': (1, 0, 1, 30)}",5045.142910425027,5084.946221844675,sarimax_v3,delhi_temperatura,padrao,30,1,0,ec0c257510d5
"{'order': (0, 0, 2), 'seasonal_order': (1, 0, 0, 30)}",5069.510664953601,5104.358161152016,sarimax_v3,delhi_temperatura,padrao,30,1,0,ec0c257510d5
"{'order': (0, 0, 2), 'seasonal_order': (0, 0, 1, 30)}",5190.574746946,5225.402644438192,sarimax_v3,delhi_temperatura,padrao,30,1,0,ec0c257510d5
"{'order': (0, 0, 0), 'seasonal_order': (2, 0, 2, 30)}",5204.925171020581,5244.516348799088,sarimax_v3,delhi_temperatura,padrao,30,1,0,ec0c257510d5
"{'order': (0, 0, 1), 'seasonal_order': (1, 0, 2, 30)}",5222.28120869996,5261.8647052488795,sarimax_v3,delhi_temperatura,padrao,30,1,0,ec0c257510d5
"{'order': (0, 0, 1), 'seasonal_order': (2, 0, 0, 30)}",5246.121409445096,5280.770404630101,sarimax_v3,delhi_temperatura,padrao,30,1,0,ec0c257510d5
"{'order': (0, 0, 1), 'seasonal_order': (1, 0, 1, 30)}",5271.628464758713,5306.462901251847,sarimax_v3,delhi_temperatura,padrao,30,1,0,ec0c257510d5
"{'order': (0, 0, 1), 'seasonal_order': (0, 0, 2, 30)}",5320.2423556813355,5354.87791516164,sarimax_v3,delhi_temperatura,padrao,30,1,0,ec0c257510d5
"{'order': (0, 0, 0), 'seasonal_order': (2, 0, 1, 30)}",5365.1872086313415,5399.836203816347,sarimax_v3,delhi_temperatura,padrao,30,1,0,ec0c257510d5
"{'order': (0, 0, 1), 'seasonal_order': (1, 0, 0, 30)}",5476.951650014434,5506.8209324702175,sarimax_v3,delhi_temperatura,padrao,30,1,0,ec0c257510d5
"{'order': (0, 0, 2), 'seasonal_order': (0, 0, 0, 30)}",5659.817838042924,5689.836230795643,sarimax_v3,delhi_temperatura,padrao,30,1,0,ec0c257510d5
"{'order': (0, 0, 1), 'seasonal_order': (0, 0, 1, 30)}",5666.704581235894,5696.5626696585805,sarimax_v3,delhi_temperatura,padrao,30,1,0,ec0c257510d5
"{'order': (0, 0, 0), 'seasonal_order': (2, 0, 0, 30)}",5811.408162772928,5841.107301502933,sarimax_v3,delhi_temperatura,padrao,30,1,0,ec0c257510d5
"{'order': (0, 0, 0), 'seasonal_order': (1, 0, 2, 30)}",5845.276909940561,5879.919190496755,sarimax_v3,delhi_temperatura,padrao,30,1,0,ec0c257510d5
"{'order': (0, 0, 0), 'seasonal_order': (0, 0, 2, 30)}",6011.172781924175,6040.866165258055,sarimax_v3,delhi_temperatura,padrao,30,1,0,ec0c257510d5
"{'order': (0, 0, 0), 'seasonal_order': (1, 0, 1, 30)}",6095.941440212913,6125.8051282626975,sarimax_v3,delhi_temperatura,padrao,30,1,0,ec0c257510d5
"{'order': (0, 0, 0), 'seasonal_order': (1, 0, 0, 30)}",6202.103333119864,6226.994401833018,sarimax_v3,delhi_temperatura,padrao,30,1,0,ec0c257510d5
"{'order': (0, 0, 1), 'seasonal_order': (0, 0, 0, 30)}",6309.867169654383,6334.887040337997,sarimax_v3,delhi_temperatura,padrao,30,1,0,ec0c257510d5
"{'order': (0, 0, 0), 'seasonal_order': (0, 0, 1, 30)}",6469.584645792794,6494.471052500948,sarimax_v3,delhi_temperatura,padrao,30,1,0,ec0c257510d5
"{'order': (0, 0, 0), 'seasonal_order': (0, 0, 0, 30)}",7222.8471003059,7242.866628264752,sarimax_v3,delhi_temperatura,padrao,30,1,0,ec0c257510d5
