modelo,modelo_base,cenario_sazonal,m,passo,MAE,RMSE,sMAPE_pct,WAPE_pct,erro_mediano,erro_p90,erro_max,skill_MAE_pct,skill_RMSE_pct
Holt-Winters,Holt-Winters,padrao,12,1,5425.573118408132,8241.069969618487,36.93191175765002,23.339652242738758,3824.153821207132,10043.520558404518,35529.60964293867,28.856954047101524,24.990813308442338
Holt-Winters,Holt-Winters,padrao,12,2,5955.062999879557,8578.332719009017,39.05190613474267,24.166460152106495,4294.900410178309,14079.69225874001,37482.60964293867,21.971739878501783,19.027293465918927
Holt-Winters,Holt-Winters,padrao,12,3,4775.2011978573255,7063.535720209804,33.34516568204041,19.552729040437033,3530.7302898742273,10366.847986269706,35025.60964293867,29.823427149239635,24.939512989939374
Holt-Winters,Holt-Winters,padrao,12,4,4890.673206268998,7879.280249603704,40.097000232030275,21.222676949528715,3190.3901184024,8333.973957430673,37281.60964293867,28.660530869542868,21.117260249181157
Holt-Winters,Holt-Winters,padrao,12,5,6936.427192456785,10347.735631754256,42.17328345877229,28.909353443825573,4482.343629853305,15994.498723510802,40364.79154476321,19.585907460605046,20.31248235933749
Holt-Winters,Holt-Winters,padrao,12,6,5657.116585394119,8057.152787274621,39.77575207447625,23.099461710748088,3617.745317428593,12753.994315411263,35831.60964293867,18.464150151785397,12.77435568199412
Holt-Winters,Holt-Winters,padrao,12,7,6166.831990671191,8929.09272470258,40.052916444219335,26.544138933611926,3896.0427495595177,13563.116824101528,40227.60964293867,9.274335354937758,11.354013114217098
Kalman,Kalman,padrao,12,1,5758.69511963942,9013.273517271275,40.09106528085801,24.772671666394526,3984.603416511476,12119.025650305337,48405.60474798757,24.488878394206736,17.962313334129842
Kalman,Kalman,padrao,12,2,6590.831675256503,9891.825687218561,42.51647535031312,26.74649639349727,4101.9996243474525,14048.80167679928,50316.81808429683,13.641362251864408,6.628954052744806
Kalman,Kalman,padrao,12,3,5123.999085032574,7602.9492819447105,36.402210392573906,20.980930763303643,3841.2458687749076,10226.108820874266,44459.82290287306,24.69747761845791,19.207448164697595
Kalman,Kalman,padrao,12,4,6108.9230633940115,9580.99644574675,46.6831978624689,26.50917270811521,3786.02985349144,13395.417201112496,45148.36510793742,10.890114730482303,4.080674218768432
Kalman,Kalman,padrao,12,5,7698.681092381341,11353.801488390967,47.23350644270947,32.08624362020015,5128.585315903454,17124.02700471348,46877.17085789421,10.74908787808193,12.564807548977575
Kalman,Kalman,padrao,12,6,6921.837543930002,9531.688204661308,45.34886642891301,28.26364259963195,4827.900910150529,13983.342999966115,42794.5428774729,0.23576531677717005,-3.188764944737743
Kalman,Kalman,padrao,12,7,7269.72303229498,10421.824790684866,44.45255561271655,31.291356480933423,4976.350216730898,16494.36679427993,44058.73784498002,-6.9512603697015285,-3.4654888469366485
PLS,PLS,padrao,12,1,5329.910154745611,8260.833871537881,37.92007558564811,22.928130684432293,3104.116112807922,11116.195967912054,37872.07068178535,30.111338509591267,24.810924748547723
PLS,PLS,padrao,12,2,6496.242882511593,9417.722735612177,40.76100888511324,26.362642135238044,4006.3642627339286,14853.582039219444,37673.603047262484,14.88074442549172,11.104112620830787
PLS,PLS,padrao,12,3,5113.782193999665,7282.587879930904,36.52621146819825,20.93909627429996,3289.5240189747965,10665.186381853884,35769.39625997549,24.847625511325955,22.61176065165531
PLS,PLS,padrao,12,4,5361.04507151245,8307.442075935198,42.111603871948255,23.263817242732756,3302.9311930469958,10317.410602839524,37320.70274835877,21.799291578936074,16.83075477560807
PLS,PLS,padrao,12,5,7091.06288862616,10333.685110667577,44.8977141022649,29.553837682116722,4827.746789038109,15703.300187668823,42081.48643051715,17.793213781764074,20.420684886614993
PLS,PLS,padrao,12,6,6125.71206533992,8364.02777199064,42.07924878783616,25.012857551799776,3930.7800010222563,12175.74855658545,35542.96178142595,11.710297704929562,9.452168679507444
PLS,PLS,padrao,12,7,6301.551838135691,8976.950446526555,39.980770604966324,27.12401890336338,4072.4546912498336,14013.347199230117,37781.10181298242,7.29235372797149,10.878892616313108
Random Forest,Random Forest,padrao,12,1,4767.890473277702,7592.002754898445,29.43425643073583,20.510442519004993,2711.530664971273,10060.380073542405,31188.20641083364,37.48084421018647,30.89854180289643
Random Forest,Random Forest,padrao,12,2,6132.936509483573,8749.791946689184,34.94722481188018,24.888295182575146,4353.280356497016,14769.312058704783,31728.902406010755,19.64109107153086,17.408853358700725
Random Forest,Random Forest,padrao,12,3,4938.148610060586,7153.787354589195,28.67224603979202,20.219940005302842,3338.548774080975,10469.37049741321,28696.667675330216,27.4287446071813,23.980456237300796
Random Forest,Random Forest,padrao,12,4,4708.349338018623,7647.456639867887,38.53113818446255,20.431497413937123,2996.4628394715037,10675.415165661843,32565.314552183612,31.320060022731965,23.438142473900292
Random Forest,Random Forest,padrao,12,5,6766.474278353288,10097.06290363116,41.2411134281892,28.201030740176478,4517.253352652682,15662.514773510367,38524.984483990236,21.556173850328065,22.24290348287713
Random Forest,Random Forest,padrao,12,6,5308.469958444709,7207.756965835182,38.16720617205159,21.67584788058724,3835.8405850109157,12529.38145268073,25358.362331760472,23.489183416687286,21.96979975041149
Random Forest,Random Forest,padrao,12,7,5732.438304223991,8083.210575848412,36.50047721735246,24.674361001866558,3982.401166867421,12943.217369041906,28245.41166152543,15.665081199831722,19.751737293606443
SARIMAX,SARIMAX,padrao,12,1,5474.292808988097,8279.281823394638,37.58840542142315,23.54923390548554,3863.628449978918,10430.5126698636,34925.275918552186,28.218115142879295,24.643013801304015
SARIMAX,SARIMAX,padrao,12,2,6002.155970726572,8600.70649023054,39.34519332019899,24.357569868904076,4189.641012491571,14828.256604939093,37130.3969731542,21.354688038879033,18.81610268205407
SARIMAX,SARIMAX,padrao,12,3,4722.303802383092,6999.657419458821,33.534979383115136,19.336133257809774,3802.269414955883,9276.016716785274,35656.89050107993,30.600809666394866,25.618314167375978
SARIMAX,SARIMAX,padrao,12,4,4934.399841328216,7960.946671496752,40.38375530782184,21.412425111144213,3281.474528837265,8864.849944648382,37535.18809200459,28.022697426084154,20.299663857062235
SARIMAX,SARIMAX,padrao,12,5,6997.917245720158,10341.411304772988,42.56231474346931,29.165629136447798,4502.010519620036,16081.815729092428,39869.35876708311,18.873052456698947,20.36118576033458
SARIMAX,SARIMAX,padrao,12,6,5653.613836854039,8077.899275435335,39.73701792678153,23.08515908774879,3800.740840356535,12890.434636665215,36817.46075328348,18.51463516030678,12.549757012348406
SARIMAX,SARIMAX,padrao,12,7,6256.909181181702,9022.596225152238,40.40600788395171,26.931861748710084,4112.277600268375,14608.415100904553,41362.85668659533,7.9491309402904164,10.425731783718161
