modelo,cenario_sazonal,extremo,n,MAE,erro_p90
Holt-Winters,padrao,False,445,4806.368343702787,10633.90493939875
Holt-Winters,padrao,True,164,8075.397526607935,16489.902603710834
Kalman,padrao,False,445,6041.16063849001,13077.835136612277
Kalman,padrao,True,164,8513.302014211908,18462.947956960983
PLS,padrao,False,445,4944.1914098641355,10327.496345972406
PLS,padrao,True,164,8768.991096733198,18046.471404909862
Random Forest,padrao,False,445,3950.190058276851,8433.499053833972
Random Forest,padrao,True,164,9628.201061700222,21055.877342716954
SARIMAX,padrao,False,445,4847.389878540596,10775.550644493936
SARIMAX,padrao,True,164,8088.5979745991335,16449.606954747313
