base,modelo,passo,n,lags,vies,desvio,lb_stat,p_valor,ruido_branco
brasil_vitorias,Holt-Winters,1,33,6,0.13323886538766286,3.5868081080883307,7.479224909323791,0.2787902845940497,sim
brasil_vitorias,PLS,1,33,6,1.035248104472567,3.5041803937283826,7.763497866047472,0.2559471741641175,sim
brasil_vitorias,Random Forest,1,33,6,1.1652060373689161,3.8342413788237715,8.62942503523154,0.19551638301488172,sim
brasil_vitorias,SARIMAX,1,33,6,0.12240031223772908,3.594874296371424,15.803414266326877,0.014848932362475293,nao
delhi_temperatura,Holt-Winters,1,67,10,-0.2009391325461222,1.8481850715461825,9.29688480240039,0.5041790123150208,sim
delhi_temperatura,Holt-Winters,2,67,10,-0.09379815166264509,1.9205731281326315,6.601763845729083,0.7624296282825185,sim
delhi_temperatura,Holt-Winters,3,67,10,-0.23685406288844943,2.361642535665388,3.954468330666167,0.9493776167877325,sim
delhi_temperatura,Holt-Winters,4,67,10,-0.10039512200070803,2.44621598833388,8.60036294936287,0.5704030314312638,sim
delhi_temperatura,Holt-Winters,5,67,10,0.06781548759316745,2.759278041983977,14.208934082721818,0.1636730266496264,sim
delhi_temperatura,Holt-Winters,6,67,10,0.2889841640411273,2.751786118119269,22.122484945255728,0.01449263257323854,nao
delhi_temperatura,Holt-Winters,7,67,10,0.285985264228452,3.206294236740972,25.438319233857307,0.00457377786444992,nao
delhi_temperatura,PLS,1,67,10,0.4899653064185121,2.5307912404023973,4.541091696764612,0.9196549538827155,sim
delhi_temperatura,PLS,2,67,10,0.6677483825170134,2.4040218272669267,4.103684472442162,0.9425483773615648,sim
delhi_temperatura,PLS,3,67,10,0.30584700199405274,2.640409697576505,3.959662209859086,0.9491483412734523,sim
delhi_temperatura,PLS,4,67,10,0.3634099424302353,2.4431071493111065,22.193148815988906,0.014150303516340232,nao
delhi_temperatura,PLS,5,67,10,0.42905919579933977,2.4870785046652966,10.403577715007552,0.4058274237724706,sim
delhi_temperatura,PLS,6,67,10,0.5457447437057271,2.22916890643061,13.57574062610655,0.19323745243108664,sim
delhi_temperatura,PLS,7,67,10,0.6627957898787211,2.615656504805874,10.41998837736255,0.4044502927753675,sim
delhi_temperatura,Random Forest,1,67,10,0.7647128783438,2.2849081570142724,4.3570948321840515,0.9298034265372391,sim
delhi_temperatura,Random Forest,2,67,10,0.9162998774450947,2.2043159961098215,5.2192250459129585,0.8760605563223932,sim
delhi_temperatura,Random Forest,3,67,10,0.7776451873660023,2.3956143968253008,3.915651461822643,0.9510718668104301,sim
delhi_temperatura,Random Forest,4,67,10,0.8477052746945298,2.077044549017356,15.876436232322853,0.10322461017216653,sim
delhi_temperatura,Random Forest,5,67,10,0.9449070086475215,2.3838053368011836,11.423681659231232,0.3254753043858606,sim
delhi_temperatura,Random Forest,6,67,10,1.1401202341835894,2.191341551022806,5.593800976678932,0.8481584497995838,sim
delhi_temperatura,Random Forest,7,67,10,1.2763725141201854,2.675703804940517,7.249339876520875,0.7017146824094822,sim
delhi_temperatura,SARIMAX,1,67,10,-0.1555234440917499,1.8139827599289449,6.968174793609367,0.7284459944936378,sim
delhi_temperatura,SARIMAX,2,67,10,-0.006813610406433996,1.868779531893585,5.269839581936633,0.872438945009649,sim
delhi_temperatura,SARIMAX,3,67,10,-1.606254965435679,12.030593733164306,0.8299783240940743,0.9999272936590429,sim
delhi_temperatura,SARIMAX,4,67,10,0.04656856756648427,2.2806697757431995,12.873415333239137,0.23083569493891537,sim
delhi_temperatura,SARIMAX,5,67,10,0.2246642567307759,2.6018209185335626,13.858882549631081,0.17952627459467355,sim
delhi_temperatura,SARIMAX,6,67,10,0.44154414901639766,2.549955650923629,31.924251655994656,0.0004122430793564879,nao
delhi_temperatura,SARIMAX,7,67,10,0.42833466153415023,2.9883428490711936,18.78112628732777,0.043132409748231675,nao
microsoft_open,Holt-Winters,1,453,10,0.13483749162608008,3.6384341026087275,16.765213457619737,0.07972334750899224,sim
microsoft_open,PLS,1,453,10,0.9665937642922481,3.407287838431024,124.74927192144222,5.484696975664676e-22,nao
microsoft_open,Random Forest,1,453,10,0.6077131936305474,3.3683593580898825,109.46384067652872,6.843722040367123e-19,nao
microsoft_open,SARIMAX,1,453,10,-0.014173667798438521,2.3977256557241975,58.553599787733404,6.7988945597222314e-09,nao
pilgrims_close,Holt-Winters,1,585,10,-0.021273834481401147,0.502430021741145,12.397709951718564,0.2593204665824897,sim
pilgrims_close,Holt-Winters,2,585,10,-0.023796278595107988,0.7150717133859367,5.616437135978951,0.8463938590719307,sim
pilgrims_close,Holt-Winters,3,585,10,-0.007792281900918174,0.8875374762510082,17.123234501418892,0.07168120411723679,sim
pilgrims_close,Holt-Winters,4,585,10,-0.0031399276523496377,1.0102398952224763,15.127060931907463,0.1274976556624423,sim
pilgrims_close,Holt-Winters,5,585,10,0.014328847583340115,1.1661264815024661,6.1034467841515,0.8064984672974611,sim
pilgrims_close,PLS,1,585,10,0.03616225482271744,1.1504474691672062,12.904856416856557,0.22904017011967245,sim
pilgrims_close,PLS,2,585,10,0.03483282098937503,1.1443075578638158,14.181724200643659,0.16486281886018805,sim
pilgrims_close,PLS,3,585,10,0.03503648984616516,1.1788426721580458,10.788977904421852,0.3741932774823652,sim
pilgrims_close,PLS,4,585,10,0.036812456355730695,1.1794376286456676,18.006783848431102,0.054849315384299685,sim
pilgrims_close,PLS,5,585,10,0.04340698851633586,1.1982764713258411,7.381803767856207,0.688975248540462,sim
pilgrims_close,Random Forest,1,585,10,0.015951381485171265,0.9348101498848059,54.815056380211026,3.419461475096781e-08,nao
pilgrims_close,Random Forest,2,585,10,0.025159543312004675,1.0791030424180446,61.33874034160359,2.020743459050574e-09,nao
pilgrims_close,Random Forest,3,585,10,0.039759592197960616,1.219277757726633,103.5760462702443,1.046250924722329e-17,nao
pilgrims_close,Random Forest,4,585,10,0.07139849976868978,1.2721328530651856,108.72958495684568,9.621974321935014e-19,nao
pilgrims_close,Random Forest,5,585,10,0.07822344209939251,1.3569107125111894,104.77054606097009,6.022492046773125e-18,nao
pilgrims_close,SARIMAX,1,585,10,-0.0214560837175998,0.5034869815095775,12.45843258715033,0.2555457588085796,sim
pilgrims_close,SARIMAX,2,585,10,-0.02395228999408158,0.7161657738219782,5.606752077855844,0.8471498972782221,sim
pilgrims_close,SARIMAX,3,585,10,-0.0077495805429816595,0.8889576563628526,17.885249022285098,0.05693045405069042,sim
pilgrims_close,SARIMAX,4,585,10,-0.0033244949001523696,1.0113928573131452,15.359771580197451,0.11948536060224564,sim
pilgrims_close,SARIMAX,5,585,10,0.014608804130977262,1.1669173122723009,6.157303138196391,0.8018786424599351,sim
sales_profit,Holt-Winters,1,87,10,-450.0573235397565,8276.475060354627,5.154448679409953,0.8806246305511938,sim
sales_profit,Holt-Winters,2,87,10,945.632331632657,8575.479334783073,15.891356049575162,0.10278498110404793,sim
sales_profit,Holt-Winters,3,87,10,725.9541707131168,7066.8632929485675,15.869373625245215,0.10343328593772243,sim
sales_profit,Holt-Winters,4,87,10,-651.6550246891818,7897.807363742502,15.143784192155678,0.12690701563876916,sim
sales_profit,Holt-Winters,5,87,10,297.4944005981745,10403.42088830175,12.513316635215915,0.25216909416362704,sim
sales_profit,Holt-Winters,6,87,10,794.0346304832318,8064.412307014999,7.0381938346994195,0.7218343692831919,sim
sales_profit,Holt-Winters,7,87,10,-463.8504269880322,8968.72988278538,10.29534162902525,0.4149752891888634,sim
sales_profit,PLS,1,87,10,-35.83515351898688,8308.644988076214,8.93226204157299,0.5385440336434146,sim
sales_profit,PLS,2,87,10,1172.4922985534101,9398.622121996377,11.432869912156217,0.32480205494396547,sim
sales_profit,PLS,3,87,10,910.4498772552992,7267.339770110088,7.980001204981808,0.6307904774723061,sim
sales_profit,PLS,4,87,10,-105.93333124365431,8354.922210101215,13.094695287502317,0.21842539990091664,sim
sales_profit,PLS,5,87,10,754.6334987433922,10365.840105322472,13.392362986168347,0.2025539770700476,sim
sales_profit,PLS,6,87,10,1150.5885940155038,8332.5365786998,6.35096926375969,0.7849649985924726,sim
sales_profit,PLS,7,87,10,14.819269885683878,9028.978872092195,7.225536474977953,0.7039951651222972,sim
sales_profit,Random Forest,1,87,10,1016.3619480705994,7567.279423586201,10.06982432916429,0.43438887406164944,sim
sales_profit,Random Forest,2,87,10,2070.4456181868036,8550.58404272438,19.050102891629635,0.03963089515650915,nao
sales_profit,Random Forest,3,87,10,2148.5233589854083,6863.084022236553,12.666105184544595,0.24294391085879952,sim
sales_profit,Random Forest,4,87,10,1085.8249086892924,7613.862989364961,7.082351242736546,0.7176482958803124,sim
sales_profit,Random Forest,5,87,10,1980.616190344945,9958.297915656462,10.615429558138697,0.388253356301849,sim
sales_profit,Random Forest,6,87,10,2254.8028007180146,6885.680590175021,11.121833672230444,0.3481051898891088,sim
sales_profit,Random Forest,7,87,10,1268.1902993687497,8029.385588801539,14.246425151425083,0.16204522212876868,sim
sales_profit,SARIMAX,1,87,10,-468.8145799664575,8313.91707618318,5.304725327651166,0.8699149043966157,sim
sales_profit,SARIMAX,2,87,10,1049.6027075822699,8585.908077962915,17.6077745218737,0.06195151102227096,sim
sales_profit,SARIMAX,3,87,10,795.0168042285258,6994.677584169688,14.304699605564636,0.15954146224029098,sim
sales_profit,SARIMAX,4,87,10,-717.210828813215,7974.536806851996,16.216178706328787,0.09360900777651704,sim
sales_profit,SARIMAX,5,87,10,367.0490010307937,10394.808333000154,16.12069966244526,0.09622897147340681,sim
sales_profit,SARIMAX,6,87,10,832.3023277350485,8081.486501186065,6.193489466353187,0.7987534958670703,sim
sales_profit,SARIMAX,7,87,10,-544.8737329570287,9058.33864033836,10.631031073067168,0.3869768390224579,sim
