base,modelo,n,lags,vies,desvio,lb_stat,p_valor,ruido_branco
brasil_vitorias,Holt-Winters,33,6,0.13323702181064404,3.586763039232892,7.479300244680788,0.278784025734646,sim
brasil_vitorias,PLS,33,6,0.983715109114572,3.508875752286657,7.953445406788413,0.24153390031776922,sim
brasil_vitorias,Random Forest,33,6,1.1652060373689161,3.8342413788237715,8.629425035231534,0.19551638301488197,sim
brasil_vitorias,SARIMAX,33,6,0.122400311513715,3.594874291922298,15.80341416115101,0.014848932970092658,nao
delhi_temperatura,Holt-Winters,469,10,0.0015443139104817064,2.5029121657555735,293.90654468525724,3.015864915778742e-57,nao
delhi_temperatura,PLS,469,10,-2.1132320056412657,56.41905739122232,0.1146487568008804,0.9999999950820587,sim
delhi_temperatura,Random Forest,469,10,0.952927775713216,2.315278618181392,425.48136517818324,3.52606564203836e-85,nao
delhi_temperatura,SARIMAX,469,10,-0.0901456436679712,5.066209771050393,6.505934643810598,0.7711184064011929,sim
microsoft_open,Holt-Winters,453,10,0.13451029013008395,3.6696546101096876,17.311732104179306,0.06774450983726912,sim
microsoft_open,PLS,453,10,-0.01153847938480793,2.5974358354428904,26.303235378137792,0.003353060294252543,nao
microsoft_open,Random Forest,453,10,0.6039752041445574,3.370245596070605,109.41572347301984,6.998283885627704e-19,nao
microsoft_open,SARIMAX,453,10,-0.014173667798399934,2.3977256557241975,58.55359978773403,6.7988945597203835e-09,nao
pilgrims_close,Holt-Winters,2925,10,-0.008334695009292811,0.886283336900952,1832.713540476662,0.0,nao
pilgrims_close,PLS,2925,10,0.03451697935843565,1.167072759337028,3700.5958620908145,0.0,nao
pilgrims_close,Random Forest,2925,10,0.045475653206146195,1.1985291581857143,5713.945831865899,0.0,nao
pilgrims_close,SARIMAX,2925,10,-0.008374729004767661,0.8873360650407539,1843.3643560250666,0.0,nao
sales_profit,Holt-Winters,609,10,159.46789023197167,8473.0906873798,116.19683574059921,2.985605679467332e-20,nao
sales_profit,PLS,609,10,502.4141143624075,8781.64874092759,340.29832923160575,4.5554810713729145e-67,nao
sales_profit,Random Forest,609,10,1689.252160623402,7962.879735349487,128.52628925999707,9.331590907415641e-23,nao
sales_profit,SARIMAX,609,10,187.5816711484731,8527.976228489153,143.64920594725243,7.522682072800386e-26,nao
